{
  "type": "FeatureCollection",
  "features": [
    {
      "type": "Feature",
      "geometry": {
        "type": "GeometryCollection",
        "geometries": [
          {
            "type": "LineString",
            "coordinates": [
              [
                -5.349999999999997,
                57.9
              ],
              [
                -5.344791666666663,
                57.9
              ]
            ]
          },
          {
            "type": "Polygon",
            "coordinates": [
              [
                [
                  -5.488541666666663,
                  57.971875
                ],
                [
                  -5.48958333333333,
                  57.971875
                ],
                [
                  -5.48958333333333,
                  57.97291666666666
                ],
                [
                  -5.488541666666663,
                  57.97291666666666
                ],
                [
                  -5.488541666666663,
                  57.971875
                ]
              ]
            ]
          },
          {
            "type": "Polygon",
            "coordinates": [
              [
                [
                  -5.488541666666663,
                  57.977083333333326
                ],
                [
                  -5.488541666666663,
                  57.978125
                ],
                [
                  -5.487499999999996,
                  57.978125
                ],
                [
                  -5.487499999999996,
                  57.977083333333326
                ],
                [
                  -5.488541666666663,
                  57.977083333333326
                ]
              ]
            ]
          },
          {
            "type": "Polygon",
            "coordinates": [
              [
                [
                  -5.47708333333333,
                  57.981249999999996
                ],
                [
                  -5.47708333333333,
                  57.98229166666666
                ],
                [
                  -5.476041666666664,
                  57.98229166666666
                ],
                [
                  -5.476041666666664,
                  57.981249999999996
                ],
                [
                  -5.47708333333333,
                  57.981249999999996
                ]
              ]
            ]
          },
          {
            "type": "Polygon",
            "coordinates": [
              [
                [
                  -5.487499999999996,
                  57.98333333333333
                ],
                [
                  -5.48645833333333,
                  57.98333333333333
                ],
                [
                  -5.48645833333333,
                  57.98229166666666
                ],
                [
                  -5.487499999999996,
                  57.98229166666666
                ],
                [
                  -5.487499999999996,
                  57.98333333333333
                ]
              ]
            ]
          },
          {
            "type": "Polygon",
            "coordinates": [
              [
                [
                  -5.48645833333333,
                  57.98333333333333
                ],
                [
                  -5.48645833333333,
                  57.98437499999999
                ],
                [
                  -5.4843749999999964,
                  57.98437499999999
                ],
                [
                  -5.4843749999999964,
                  57.98333333333333
                ],
                [
                  -5.48645833333333,
                  57.98333333333333
                ]
              ]
            ]
          },
          {
            "type": "Polygon",
            "coordinates": [
              [
                [
                  -5.5,
                  57.99999999999999
                ],
                [
                  -5.5,
                  58.001041666666666
                ],
                [
                  -5.4999999999999964,
                  58.001041666666666
                ],
                [
                  -5.4999999999999964,
                  57.99999999999999
                ],
                [
                  -5.5,
                  57.99999999999999
                ]
              ]
            ]
          },
          {
            "type": "Polygon",
            "coordinates": [
              [
                [
                  -5.491666666666664,
                  58.006249999999994
                ],
                [
                  -5.493749999999997,
                  58.006249999999994
                ],
                [
                  -5.493749999999997,
                  58.01145833333333
                ],
                [
                  -5.49270833333333,
                  58.01145833333333
                ],
                [
                  -5.49270833333333,
                  58.01354166666666
                ],
                [
                  -5.491666666666664,
                  58.01354166666666
                ],
                [
                  -5.491666666666664,
                  58.01458333333333
                ],
                [
                  -5.490624999999997,
                  58.01458333333333
                ],
                [
                  -5.490624999999997,
                  58.012499999999996
                ],
                [
                  -5.48958333333333,
                  58.012499999999996
                ],
                [
                  -5.48958333333333,
                  58.010416666666664
                ],
                [
                  -5.490624999999997,
                  58.010416666666664
                ],
                [
                  -5.490624999999997,
                  58.008333333333326
                ],
                [
                  -5.48958333333333,
                  58.008333333333326
                ],
                [
                  -5.48958333333333,
                  58.009375
                ],
                [
                  -5.488541666666663,
                  58.009375
                ],
                [
                  -5.488541666666663,
                  58.008333333333326
                ],
                [
                  -5.4843749999999964,
                  58.008333333333326
                ],
                [
                  -5.4843749999999964,
                  58.00729166666666
                ],
                [
                  -5.48333333333333,
                  58.00729166666666
                ],
                [
                  -5.48333333333333,
                  58.003125
                ],
                [
                  -5.4843749999999964,
                  58.003125
                ],
                [
                  -5.4843749999999964,
                  58.00208333333333
                ],
                [
                  -5.488541666666663,
                  58.00208333333333
                ],
                [
                  -5.488541666666663,
                  58.003125
                ],
                [
                  -5.490624999999997,
                  58.003125
                ],
                [
                  -5.490624999999997,
                  58.00208333333333
                ],
                [
                  -5.491666666666664,
                  58.00208333333333
                ],
                [
                  -5.491666666666664,
                  58.006249999999994
                ]
              ],
              [
                [
                  -5.491666666666664,
                  58.012499999999996
                ],
                [
                  -5.491666666666664,
                  58.01145833333333
                ],
                [
                  -5.490624999999997,
                  58.01145833333333
                ],
                [
                  -5.490624999999997,
                  58.012499999999996
                ],
                [
                  -5.491666666666664,
                  58.012499999999996
                ]
              ]
            ]
          },
          {
            "type": "Polygon",
            "coordinates": [
              [
                [
                  -5.494791666666663,
                  58.01562499999999
                ],
                [
                  -5.494791666666663,
                  58.016666666666666
                ],
                [
                  -5.493749999999997,
                  58.016666666666666
                ],
                [
                  -5.493749999999997,
                  58.01875
                ],
                [
                  -5.49270833333333,
                  58.01875
                ],
                [
                  -5.49270833333333,
                  58.01979166666666
                ],
                [
                  -5.490624999999997,
                  58.01979166666666
                ],
                [
                  -5.490624999999997,
                  58.01875
                ],
                [
                  -5.48958333333333,
                  58.01875
                ],
                [
                  -5.48958333333333,
                  58.01770833333333
                ],
                [
                  -5.490624999999997,
                  58.01770833333333
                ],
                [
                  -5.490624999999997,
                  58.016666666666666
                ],
                [
                  -5.48958333333333,
                  58.016666666666666
                ],
                [
                  -5.48958333333333,
                  58.01458333333333
                ],
                [
                  -5.490624999999997,
                  58.01458333333333
                ],
                [
                  -5.490624999999997,
                  58.01562499999999
                ],
                [
                  -5.491666666666664,
                  58.01562499999999
                ],
                [
                  -5.491666666666664,
                  58.01458333333333
                ],
                [
                  -5.493749999999997,
                  58.01458333333333
                ],
                [
                  -5.493749999999997,
                  58.01354166666666
                ],
                [
                  -5.494791666666663,
                  58.01354166666666
                ],
                [
                  -5.494791666666663,
                  58.012499999999996
                ],
                [
                  -5.49583333333333,
                  58.012499999999996
                ],
                [
                  -5.49583333333333,
                  58.01562499999999
                ],
                [
                  -5.494791666666663,
                  58.01562499999999
                ]
              ],
              [
                [
                  -5.49270833333333,
                  58.01770833333333
                ],
                [
                  -5.491666666666664,
                  58.01770833333333
                ],
                [
                  -5.491666666666664,
                  58.01875
                ],
                [
                  -5.49270833333333,
                  58.01875
                ],
                [
                  -5.49270833333333,
                  58.01770833333333
                ]
              ]
            ]
          },
          {
            "type": "Polygon",
            "coordinates": [
              [
                [
                  -5.488541666666663,
                  58.016666666666666
                ],
                [
                  -5.48958333333333,
                  58.016666666666666
                ],
                [
                  -5.48958333333333,
                  58.01770833333333
                ],
                [
                  -5.488541666666663,
                  58.01770833333333
                ],
                [
                  -5.488541666666663,
                  58.016666666666666
                ]
              ]
            ]
          },
          {
            "type": "Polygon",
            "coordinates": [
              [
                [
                  -5.496874999999997,
                  58.026041666666664
                ],
                [
                  -5.49583333333333,
                  58.026041666666664
                ],
                [
                  -5.49583333333333,
                  58.023958333333326
                ],
                [
                  -5.496874999999997,
                  58.023958333333326
                ],
                [
                  -5.496874999999997,
                  58.026041666666664
                ]
              ]
            ]
          },
          {
            "type": "Polygon",
            "coordinates": [
              [
                [
                  -5.49270833333333,
                  58.03020833333333
                ],
                [
                  -5.49270833333333,
                  58.03124999999999
                ],
                [
                  -5.491666666666664,
                  58.03124999999999
                ],
                [
                  -5.491666666666664,
                  58.03020833333333
                ],
                [
                  -5.49270833333333,
                  58.03020833333333
                ]
              ]
            ]
          },
          {
            "type": "Polygon",
            "coordinates": [
              [
                [
                  -5.48645833333333,
                  58.05625
                ],
                [
                  -5.48645833333333,
                  58.057291666666664
                ],
                [
                  -5.485416666666663,
                  58.057291666666664
                ],
                [
                  -5.485416666666663,
                  58.05625
                ],
                [
                  -5.48645833333333,
                  58.05625
                ]
              ]
            ]
          },
          {
            "type": "Polygon",
            "coordinates": [
              [
                [
                  -5.485416666666663,
                  58.05833333333333
                ],
                [
                  -5.4843749999999964,
                  58.05833333333333
                ],
                [
                  -5.4843749999999964,
                  58.057291666666664
                ],
                [
                  -5.485416666666663,
                  58.057291666666664
                ],
                [
                  -5.485416666666663,
                  58.05833333333333
                ]
              ]
            ]
          },
          {
            "type": "Polygon",
            "coordinates": [
              [
                [
                  -5.482291666666663,
                  58.05833333333333
                ],
                [
                  -5.48020833333333,
                  58.05833333333333
                ],
                [
                  -5.48020833333333,
                  58.057291666666664
                ],
                [
                  -5.482291666666663,
                  58.057291666666664
                ],
                [
                  -5.482291666666663,
                  58.05833333333333
                ]
              ]
            ]
          },
          {
            "type": "Polygon",
            "coordinates": [
              [
                [
                  -5.482291666666663,
                  58.09374999999999
                ],
                [
                  -5.482291666666663,
                  58.09270833333333
                ],
                [
                  -5.476041666666664,
                  58.09270833333333
                ],
                [
                  -5.476041666666664,
                  58.09166666666666
                ],
                [
                  -5.4687499999999964,
                  58.09166666666666
                ],
                [
                  -5.4687499999999964,
                  58.09270833333333
                ],
                [
                  -5.46770833333333,
                  58.09270833333333
                ],
                [
                  -5.46770833333333,
                  58.09166666666666
                ],
                [
                  -5.465624999999997,
                  58.09166666666666
                ],
                [
                  -5.465624999999997,
                  58.0875
                ],
                [
                  -5.466666666666663,
                  58.0875
                ],
                [
                  -5.466666666666663,
                  58.08541666666666
                ],
                [
                  -5.46770833333333,
                  58.08541666666666
                ],
                [
                  -5.46770833333333,
                  58.084374999999994
                ],
                [
                  -5.4687499999999964,
                  58.084374999999994
                ],
                [
                  -5.4687499999999964,
                  58.08125
                ],
                [
                  -5.469791666666663,
                  58.08125
                ],
                [
                  -5.469791666666663,
                  58.08020833333333
                ],
                [
                  -5.472916666666663,
                  58.08020833333333
                ],
                [
                  -5.472916666666663,
                  58.079166666666666
                ],
                [
                  -5.47395833333333,
                  58.079166666666666
                ],
                [
                  -5.47395833333333,
                  58.07812499999999
                ],
                [
                  -5.474999999999997,
                  58.07812499999999
                ],
                [
                  -5.474999999999997,
                  58.07708333333333
                ],
                [
                  -5.47708333333333,
                  58.07708333333333
                ],
                [
                  -5.47708333333333,
                  58.07604166666666
                ],
                [
                  -5.48020833333333,
                  58.07604166666666
                ],
                [
                  -5.48020833333333,
                  58.074999999999996
                ],
                [
                  -5.49270833333333,
                  58.074999999999996
                ],
                [
                  -5.49270833333333,
                  58.07604166666666
                ],
                [
                  -5.494791666666663,
                  58.07604166666666
                ],
                [
                  -5.494791666666663,
                  58.07708333333333
                ],
                [
                  -5.49583333333333,
                  58.07708333333333
                ],
                [
                  -5.49583333333333,
                  58.07604166666666
                ],
                [
                  -5.49895833333333,
                  58.07604166666666
                ],
                [
                  -5.49895833333333,
                  58.072916666666664
                ],
                [
                  -5.497916666666663,
                  58.072916666666664
                ],
                [
                  -5.497916666666663,
                  58.070833333333326
                ],
                [
                  -5.49583333333333,
                  58.070833333333326
                ],
                [
                  -5.49583333333333,
                  58.071875
                ],
                [
                  -5.493749999999997,
                  58.071875
                ],
                [
                  -5.493749999999997,
                  58.070833333333326
                ],
                [
                  -5.491666666666664,
                  58.070833333333326
                ],
                [
                  -5.491666666666664,
                  58.06979166666666
                ],
                [
                  -5.488541666666663,
                  58.06979166666666
                ],
                [
                  -5.488541666666663,
                  58.068749999999994
                ],
                [
                  -5.485416666666663,
                  58.068749999999994
                ],
                [
                  -5.485416666666663,
                  58.06770833333333
                ],
                [
                  -5.4843749999999964,
                  58.06770833333333
                ],
                [
                  -5.4843749999999964,
                  58.065625
                ],
                [
                  -5.48333333333333,
                  58.065625
                ],
                [
                  -5.48333333333333,
                  58.06249999999999
                ],
                [
                  -5.4843749999999964,
                  58.06249999999999
                ],
                [
                  -5.4843749999999964,
                  58.06145833333333
                ],
                [
                  -5.485416666666663,
                  58.06145833333333
                ],
                [
                  -5.485416666666663,
                  58.05833333333333
                ],
                [
                  -5.487499999999996,
                  58.05833333333333
                ],
                [
                  -5.487499999999996,
                  58.05625
                ],
                [
                  -5.48645833333333,
                  58.05625
                ],
                [
                  -5.48645833333333,
                  58.05416666666666
                ],
                [
                  -5.4843749999999964,
                  58.05416666666666
                ],
                [
                  -5.4843749999999964,
                  58.05208333333333
                ],
                [
                  -5.485416666666663,
                  58.05208333333333
                ],
                [
                  -5.485416666666663,
                  58.05
                ],
                [
                  -5.48333333333333,
                  58.05
                ],
                [
                  -5.48333333333333,
                  58.04895833333333
                ],
                [
                  -5.4843749999999964,
                  58.04895833333333
                ],
                [
                  -5.4843749999999964,
                  58.04583333333333
                ],
                [
                  -5.485416666666663,
                  58.04583333333333
                ],
                [
                  -5.485416666666663,
                  58.04687499999999
                ],
                [
                  -5.48645833333333,
                  58.04687499999999
                ],
                [
                  -5.48645833333333,
                  58.04583333333333
                ],
                [
                  -5.487499999999996,
                  58.04583333333333
                ],
                [
                  -5.487499999999996,
                  58.04895833333333
                ],
                [
                  -5.488541666666663,
                  58.04895833333333
                ],
                [
                  -5.488541666666663,
                  58.04687499999999
                ],
                [
                  -5.48958333333333,
                  58.04687499999999
                ],
                [
                  -5.48958333333333,
                  58.04479166666666
                ],
                [
                  -5.490624999999997,
                  58.04479166666666
                ],
                [
                  -5.490624999999997,
                  58.043749999999996
                ],
                [
                  -5.488541666666663,
                  58.043749999999996
                ],
                [
                  -5.488541666666663,
                  58.04270833333333
                ],
                [
                  -5.48958333333333,
                  58.04270833333333
                ],
                [
                  -5.48958333333333,
                  58.040625
                ],
                [
                  -5.488541666666663,
                  58.040625
                ],
                [
                  -5.488541666666663,
                  58.039583333333326
                ],
                [
                  -5.48958333333333,
                  58.039583333333326
                ],
                [
                  -5.48958333333333,
                  58.034375
                ],
                [
                  -5.490624999999997,
                  58.034375
                ],
                [
                  -5.490624999999997,
                  58.03333333333333
                ],
                [
                  -5.491666666666664,
                  58.03333333333333
                ],
                [
                  -5.491666666666664,
                  58.032291666666666
                ],
                [
                  -5.49270833333333,
                  58.032291666666666
                ],
                [
                  -5.49270833333333,
                  58.03124999999999
                ],
                [
                  -5.493749999999997,
                  58.03124999999999
                ],
                [
                  -5.493749999999997,
                  58.03020833333333
                ],
                [
                  -5.49270833333333,
                  58.03020833333333
                ],
                [
                  -5.49270833333333,
                  58.02916666666666
                ],
                [
                  -5.494791666666663,
                  58.02916666666666
                ],
                [
                  -5.494791666666663,
                  58.028124999999996
                ],
                [
                  -5.496874999999997,
                  58.028124999999996
                ],
                [
                  -5.496874999999997,
                  58.02708333333333
                ],
                [
                  -5.497916666666663,
                  58.02708333333333
                ],
                [
                  -5.497916666666663,
                  58.02291666666666
                ],
                [
                  -5.49895833333333,
                  58.02291666666666
                ],
                [
                  -5.49895833333333,
                  58.023958333333326
                ],
                [
                  -5.5,
                  58.023958333333326
                ],
                [
                  -5.5,
                  58.025
                ],
                [
                  -5.4999999999999964,
                  58.025
                ],
                [
                  -5.4999999999999964,
                  58.026041666666664
                ],
                [
                  -5.5,
                  58.026041666666664
                ],
                [
                  -5.5,
                  58.1
                ],
                [
                  -5.48020833333333,
                  58.1
                ],
                [
                  -5.48020833333333,
                  58.09895833333333
                ],
                [
                  -5.482291666666663,
                  58.09895833333333
                ],
                [
                  -5.482291666666663,
                  58.09791666666666
                ],
                [
                  -5.48333333333333,
                  58.09791666666666
                ],
                [
                  -5.48333333333333,
                  58.09895833333333
                ],
                [
                  -5.48645833333333,
                  58.09895833333333
                ],
                [
                  -5.48645833333333,
                  58.09583333333333
                ],
                [
                  -5.487499999999996,
                  58.09583333333333
                ],
                [
                  -5.487499999999996,
                  58.094791666666666
                ],
                [
                  -5.485416666666663,
                  58.094791666666666
                ],
                [
                  -5.485416666666663,
                  58.09583333333333
                ],
                [
                  -5.48333333333333,
                  58.09583333333333
                ],
                [
                  -5.48333333333333,
                  58.09374999999999
                ],
                [
                  -5.482291666666663,
                  58.09374999999999
                ]
              ],
              [
                [
                  -5.48645833333333,
                  58.05
                ],
                [
                  -5.48645833333333,
                  58.04895833333333
                ],
                [
                  -5.485416666666663,
                  58.04895833333333
                ],
                [
                  -5.485416666666663,
                  58.05
                ],
                [
                  -5.48645833333333,
                  58.05
                ]
              ],
              [
                [
                  -5.491666666666664,
                  58.09791666666666
                ],
                [
                  -5.490624999999997,
                  58.09791666666666
                ],
                [
                  -5.490624999999997,
                  58.099999999999994
                ],
                [
                  -5.491666666666664,
                  58.099999999999994
                ],
                [
                  -5.491666666666664,
                  58.09791666666666
                ]
              ],
              [
                [
                  -5.491666666666664,
                  58.09583333333333
                ],
                [
                  -5.490624999999997,
                  58.09583333333333
                ],
                [
                  -5.490624999999997,
                  58.096875
                ],
                [
                  -5.491666666666664,
                  58.096875
                ],
                [
                  -5.491666666666664,
                  58.09583333333333
                ]
              ],
              [
                [
                  -5.4843749999999964,
                  58.08541666666666
                ],
                [
                  -5.48333333333333,
                  58.08541666666666
                ],
                [
                  -5.48333333333333,
                  58.086458333333326
                ],
                [
                  -5.4843749999999964,
                  58.086458333333326
                ],
                [
                  -5.4843749999999964,
                  58.08541666666666
                ]
              ],
              [
                [
                  -5.47708333333333,
                  58.08229166666666
                ],
                [
                  -5.474999999999997,
                  58.08229166666666
                ],
                [
                  -5.474999999999997,
                  58.08333333333333
                ],
                [
                  -5.47708333333333,
                  58.08333333333333
                ],
                [
                  -5.47708333333333,
                  58.08229166666666
                ]
              ],
              [
                [
                  -5.482291666666663,
                  58.08020833333333
                ],
                [
                  -5.48333333333333,
                  58.08020833333333
                ],
                [
                  -5.48333333333333,
                  58.08229166666666
                ],
                [
                  -5.48645833333333,
                  58.08229166666666
                ],
                [
                  -5.48645833333333,
                  58.08125
                ],
                [
                  -5.487499999999996,
                  58.08125
                ],
                [
                  -5.487499999999996,
                  58.08020833333333
                ],
                [
                  -5.488541666666663,
                  58.08020833333333
                ],
                [
                  -5.488541666666663,
                  58.07708333333333
                ],
                [
                  -5.481249999999997,
                  58.07708333333333
                ],
                [
                  -5.481249999999997,
                  58.079166666666666
                ],
                [
                  -5.482291666666663,
                  58.079166666666666
                ],
                [
                  -5.482291666666663,
                  58.08020833333333
                ]
              ],
              [
                [
                  -5.48958333333333,
                  58.059374999999996
                ],
                [
                  -5.488541666666663,
                  58.059374999999996
                ],
                [
                  -5.488541666666663,
                  58.06041666666666
                ],
                [
                  -5.48958333333333,
                  58.06041666666666
                ],
                [
                  -5.48958333333333,
                  58.059374999999996
                ]
              ]
            ]
          },
          {
            "type": "Polygon",
            "coordinates": [
              [
                [
                  -5.38958333333333,
                  57.90520833333333
                ],
                [
                  -5.388541666666663,
                  57.90520833333333
                ],
                [
                  -5.388541666666663,
                  57.90416666666666
                ],
                [
                  -5.38958333333333,
                  57.90416666666666
                ],
                [
                  -5.38958333333333,
                  57.90520833333333
                ]
              ]
            ]
          },
          {
            "type": "Polygon",
            "coordinates": [
              [
                [
                  -5.428124999999997,
                  57.90520833333333
                ],
                [
                  -5.428124999999997,
                  57.90624999999999
                ],
                [
                  -5.42708333333333,
                  57.90624999999999
                ],
                [
                  -5.42708333333333,
                  57.90520833333333
                ],
                [
                  -5.428124999999997,
                  57.90520833333333
                ]
              ]
            ]
          },
          {
            "type": "Polygon",
            "coordinates": [
              [
                [
                  -5.4062499999999964,
                  57.909375
                ],
                [
                  -5.40520833333333,
                  57.909375
                ],
                [
                  -5.40520833333333,
                  57.90833333333333
                ],
                [
                  -5.4062499999999964,
                  57.90833333333333
                ],
                [
                  -5.4062499999999964,
                  57.909375
                ]
              ]
            ]
          },
          {
            "type": "Polygon",
            "coordinates": [
              [
                [
                  -5.3749999999999964,
                  57.93333333333333
                ],
                [
                  -5.3749999999999964,
                  57.934374999999996
                ],
                [
                  -5.37395833333333,
                  57.934374999999996
                ],
                [
                  -5.37395833333333,
                  57.93333333333333
                ],
                [
                  -5.3749999999999964,
                  57.93333333333333
                ]
              ]
            ]
          },
          {
            "type": "Polygon",
            "coordinates": [
              [
                [
                  -5.454166666666663,
                  57.96041666666666
                ],
                [
                  -5.451041666666663,
                  57.96041666666666
                ],
                [
                  -5.451041666666663,
                  57.959374999999994
                ],
                [
                  -5.454166666666663,
                  57.959374999999994
                ],
                [
                  -5.454166666666663,
                  57.96041666666666
                ]
              ]
            ]
          },
          {
            "type": "Polygon",
            "coordinates": [
              [
                [
                  -5.45,
                  57.961458333333326
                ],
                [
                  -5.45,
                  57.96041666666666
                ],
                [
                  -5.451041666666663,
                  57.96041666666666
                ],
                [
                  -5.451041666666663,
                  57.961458333333326
                ],
                [
                  -5.45,
                  57.961458333333326
                ]
              ]
            ]
          },
          {
            "type": "Polygon",
            "coordinates": [
              [
                [
                  -5.46458333333333,
                  57.963541666666664
                ],
                [
                  -5.463541666666663,
                  57.963541666666664
                ],
                [
                  -5.463541666666663,
                  57.9625
                ],
                [
                  -5.46458333333333,
                  57.9625
                ],
                [
                  -5.46458333333333,
                  57.963541666666664
                ]
              ]
            ]
          },
          {
            "type": "Polygon",
            "coordinates": [
              [
                [
                  -5.456249999999996,
                  57.969791666666666
                ],
                [
                  -5.456249999999996,
                  57.97083333333333
                ],
                [
                  -5.45520833333333,
                  57.97083333333333
                ],
                [
                  -5.45520833333333,
                  57.969791666666666
                ],
                [
                  -5.456249999999996,
                  57.969791666666666
                ]
              ]
            ]
          },
          {
            "type": "Polygon",
            "coordinates": [
              [
                [
                  -5.471874999999996,
                  57.97291666666666
                ],
                [
                  -5.47083333333333,
                  57.97291666666666
                ],
                [
                  -5.47083333333333,
                  57.971875
                ],
                [
                  -5.471874999999996,
                  57.971875
                ],
                [
                  -5.471874999999996,
                  57.97291666666666
                ]
              ]
            ]
          },
          {
            "type": "Polygon",
            "coordinates": [
              [
                [
                  -5.457291666666663,
                  57.97291666666666
                ],
                [
                  -5.456249999999996,
                  57.97291666666666
                ],
                [
                  -5.456249999999996,
                  57.971875
                ],
                [
                  -5.457291666666663,
                  57.971875
                ],
                [
                  -5.457291666666663,
                  57.97291666666666
                ]
              ]
            ]
          },
          {
            "type": "Polygon",
            "coordinates": [
              [
                [
                  -5.45833333333333,
                  57.97395833333333
                ],
                [
                  -5.457291666666663,
                  57.97395833333333
                ],
                [
                  -5.457291666666663,
                  57.97291666666666
                ],
                [
                  -5.45833333333333,
                  57.97291666666666
                ],
                [
                  -5.45833333333333,
                  57.97395833333333
                ]
              ]
            ]
          },
          {
            "type": "Polygon",
            "coordinates": [
              [
                [
                  -5.47083333333333,
                  57.97395833333333
                ],
                [
                  -5.47083333333333,
                  57.974999999999994
                ],
                [
                  -5.469791666666663,
                  57.974999999999994
                ],
                [
                  -5.469791666666663,
                  57.97395833333333
                ],
                [
                  -5.47083333333333,
                  57.97395833333333
                ]
              ]
            ]
          },
          {
            "type": "Polygon",
            "coordinates": [
              [
                [
                  -5.476041666666664,
                  57.974999999999994
                ],
                [
                  -5.476041666666664,
                  57.978125
                ],
                [
                  -5.474999999999997,
                  57.978125
                ],
                [
                  -5.474999999999997,
                  57.974999999999994
                ],
                [
                  -5.476041666666664,
                  57.974999999999994
                ]
              ]
            ]
          },
          {
            "type": "Polygon",
            "coordinates": [
              [
                [
                  -5.476041666666664,
                  57.981249999999996
                ],
                [
                  -5.474999999999997,
                  57.981249999999996
                ],
                [
                  -5.474999999999997,
                  57.98020833333333
                ],
                [
                  -5.476041666666664,
                  57.98020833333333
                ],
                [
                  -5.476041666666664,
                  57.981249999999996
                ]
              ]
            ]
          },
          {
            "type": "Polygon",
            "coordinates": [
              [
                [
                  -5.463541666666663,
                  57.98645833333333
                ],
                [
                  -5.462499999999997,
                  57.98645833333333
                ],
                [
                  -5.462499999999997,
                  57.985416666666666
                ],
                [
                  -5.463541666666663,
                  57.985416666666666
                ],
                [
                  -5.463541666666663,
                  57.98645833333333
                ]
              ]
            ]
          },
          {
            "type": "Polygon",
            "coordinates": [
              [
                [
                  -5.354166666666663,
                  57.90208333333333
                ],
                [
                  -5.354166666666663,
                  57.901041666666664
                ],
                [
                  -5.349999999999997,
                  57.901041666666664
                ],
                [
                  -5.349999999999997,
                  57.9
                ],
                [
                  -5.368749999999997,
                  57.9
                ],
                [
                  -5.37083333333333,
                  57.9
                ],
                [
                  -5.37083333333333,
                  57.901041666666664
                ],
                [
                  -5.368749999999997,
                  57.901041666666664
                ],
                [
                  -5.368749999999997,
                  57.90208333333333
                ],
                [
                  -5.366666666666664,
                  57.90208333333333
                ],
                [
                  -5.366666666666664,
                  57.901041666666664
                ],
                [
                  -5.36458333333333,
                  57.901041666666664
                ],
                [
                  -5.36458333333333,
                  57.90208333333333
                ],
                [
                  -5.35833333333333,
                  57.90208333333333
                ],
                [
                  -5.35833333333333,
                  57.901041666666664
                ],
                [
                  -5.357291666666663,
                  57.901041666666664
                ],
                [
                  -5.357291666666663,
                  57.90208333333333
                ],
                [
                  -5.354166666666663,
                  57.90208333333333
                ]
              ]
            ]
          },
          {
            "type": "Polygon",
            "coordinates": [
              [
                [
                  -5.20833333333333,
                  57.909375
                ],
                [
                  -5.209374999999997,
                  57.909375
                ],
                [
                  -5.209374999999997,
                  57.91041666666666
                ],
                [
                  -5.210416666666664,
                  57.91041666666666
                ],
                [
                  -5.210416666666664,
                  57.91145833333333
                ],
                [
                  -5.21145833333333,
                  57.91145833333333
                ],
                [
                  -5.21145833333333,
                  57.912499999999994
                ],
                [
                  -5.212499999999997,
                  57.912499999999994
                ],
                [
                  -5.212499999999997,
                  57.91354166666666
                ],
                [
                  -5.213541666666663,
                  57.91354166666666
                ],
                [
                  -5.213541666666663,
                  57.914583333333326
                ],
                [
                  -5.209374999999997,
                  57.914583333333326
                ],
                [
                  -5.209374999999997,
                  57.91354166666666
                ],
                [
                  -5.207291666666663,
                  57.91354166666666
                ],
                [
                  -5.207291666666663,
                  57.912499999999994
                ],
                [
                  -5.20520833333333,
                  57.912499999999994
                ],
                [
                  -5.20520833333333,
                  57.91145833333333
                ],
                [
                  -5.2031249999999964,
                  57.91145833333333
                ],
                [
                  -5.2031249999999964,
                  57.91041666666666
                ],
                [
                  -5.20208333333333,
                  57.91041666666666
                ],
                [
                  -5.20208333333333,
                  57.909375
                ],
                [
                  -5.2,
                  57.909375
                ],
                [
                  -5.2,
                  57.90416666666666
                ],
                [
                  -5.20208333333333,
                  57.90416666666666
                ],
                [
                  -5.20208333333333,
                  57.90520833333333
                ],
                [
                  -5.204166666666663,
                  57.90520833333333
                ],
                [
                  -5.204166666666663,
                  57.90624999999999
                ],
                [
                  -5.20520833333333,
                  57.90624999999999
                ],
                [
                  -5.20520833333333,
                  57.907291666666666
                ],
                [
                  -5.20833333333333,
                  57.907291666666666
                ],
                [
                  -5.20833333333333,
                  57.909375
                ]
              ]
            ]
          },
          {
            "type": "Polygon",
            "coordinates": [
              [
                [
                  -5.335416666666664,
                  57.92916666666666
                ],
                [
                  -5.334374999999997,
                  57.92916666666666
                ],
                [
                  -5.334374999999997,
                  57.928124999999994
                ],
                [
                  -5.335416666666664,
                  57.928124999999994
                ],
                [
                  -5.335416666666664,
                  57.92916666666666
                ]
              ]
            ]
          },
          {
            "type": "Polygon",
            "coordinates": [
              [
                [
                  -5.37395833333333,
                  57.93125
                ],
                [
                  -5.37395833333333,
                  57.932291666666664
                ],
                [
                  -5.372916666666663,
                  57.932291666666664
                ],
                [
                  -5.372916666666663,
                  57.93125
                ],
                [
                  -5.37395833333333,
                  57.93125
                ]
              ]
            ]
          },
          {
            "type": "Polygon",
            "coordinates": [
              [
                [
                  -5.20833333333333,
                  57.94895833333333
                ],
                [
                  -5.207291666666663,
                  57.94895833333333
                ],
                [
                  -5.207291666666663,
                  57.947916666666664
                ],
                [
                  -5.20833333333333,
                  57.947916666666664
                ],
                [
                  -5.20833333333333,
                  57.94895833333333
                ]
              ]
            ]
          },
          {
            "type": "Polygon",
            "coordinates": [
              [
                [
                  -5.2812499999999964,
                  57.949999999999996
                ],
                [
                  -5.2812499999999964,
                  57.94895833333333
                ],
                [
                  -5.276041666666663,
                  57.94895833333333
                ],
                [
                  -5.276041666666663,
                  57.947916666666664
                ],
                [
                  -5.271874999999997,
                  57.947916666666664
                ],
                [
                  -5.271874999999997,
                  57.946875
                ],
                [
                  -5.269791666666663,
                  57.946875
                ],
                [
                  -5.269791666666663,
                  57.945833333333326
                ],
                [
                  -5.2656249999999964,
                  57.945833333333326
                ],
                [
                  -5.2656249999999964,
                  57.94479166666666
                ],
                [
                  -5.259374999999997,
                  57.94479166666666
                ],
                [
                  -5.259374999999997,
                  57.943749999999994
                ],
                [
                  -5.25520833333333,
                  57.943749999999994
                ],
                [
                  -5.25520833333333,
                  57.94270833333333
                ],
                [
                  -5.24895833333333,
                  57.94270833333333
                ],
                [
                  -5.24895833333333,
                  57.94166666666666
                ],
                [
                  -5.243749999999997,
                  57.94166666666666
                ],
                [
                  -5.243749999999997,
                  57.940625
                ],
                [
                  -5.238541666666663,
                  57.940625
                ],
                [
                  -5.238541666666663,
                  57.93958333333333
                ],
                [
                  -5.2343749999999964,
                  57.93958333333333
                ],
                [
                  -5.2343749999999964,
                  57.938541666666666
                ],
                [
                  -5.231249999999997,
                  57.938541666666666
                ],
                [
                  -5.231249999999997,
                  57.93749999999999
                ],
                [
                  -5.229166666666663,
                  57.93749999999999
                ],
                [
                  -5.229166666666663,
                  57.93645833333333
                ],
                [
                  -5.226041666666664,
                  57.93645833333333
                ],
                [
                  -5.226041666666664,
                  57.93541666666666
                ],
                [
                  -5.22395833333333,
                  57.93541666666666
                ],
                [
                  -5.22395833333333,
                  57.934374999999996
                ],
                [
                  -5.222916666666663,
                  57.934374999999996
                ],
                [
                  -5.222916666666663,
                  57.932291666666664
                ],
                [
                  -5.22395833333333,
                  57.932291666666664
                ],
                [
                  -5.22395833333333,
                  57.93125
                ],
                [
                  -5.231249999999997,
                  57.93125
                ],
                [
                  -5.231249999999997,
                  57.92916666666666
                ],
                [
                  -5.23020833333333,
                  57.92916666666666
                ],
                [
                  -5.23020833333333,
                  57.928124999999994
                ],
                [
                  -5.232291666666663,
                  57.928124999999994
                ],
                [
                  -5.232291666666663,
                  57.92708333333333
                ],
                [
                  -5.23645833333333,
                  57.92708333333333
                ],
                [
                  -5.23645833333333,
                  57.928124999999994
                ],
                [
                  -5.240624999999997,
                  57.928124999999994
                ],
                [
                  -5.240624999999997,
                  57.92916666666666
                ],
                [
                  -5.24895833333333,
                  57.92916666666666
                ],
                [
                  -5.24895833333333,
                  57.930208333333326
                ],
                [
                  -5.25520833333333,
                  57.930208333333326
                ],
                [
                  -5.25520833333333,
                  57.93125
                ],
                [
                  -5.260416666666663,
                  57.93125
                ],
                [
                  -5.260416666666663,
                  57.93333333333333
                ],
                [
                  -5.26145833333333,
                  57.93333333333333
                ],
                [
                  -5.26145833333333,
                  57.934374999999996
                ],
                [
                  -5.262499999999997,
                  57.934374999999996
                ],
                [
                  -5.262499999999997,
                  57.93541666666666
                ],
                [
                  -5.266666666666663,
                  57.93541666666666
                ],
                [
                  -5.266666666666663,
                  57.93645833333333
                ],
                [
                  -5.27395833333333,
                  57.93645833333333
                ],
                [
                  -5.27395833333333,
                  57.93749999999999
                ],
                [
                  -5.278124999999997,
                  57.93749999999999
                ],
                [
                  -5.278124999999997,
                  57.938541666666666
                ],
                [
                  -5.2812499999999964,
                  57.938541666666666
                ],
                [
                  -5.2812499999999964,
                  57.93749999999999
                ],
                [
                  -5.285416666666663,
                  57.93749999999999
                ],
                [
                  -5.285416666666663,
                  57.93645833333333
                ],
                [
                  -5.287499999999997,
                  57.93645833333333
                ],
                [
                  -5.287499999999997,
                  57.93541666666666
                ],
                [
                  -5.291666666666663,
                  57.93541666666666
                ],
                [
                  -5.291666666666663,
                  57.934374999999996
                ],
                [
                  -5.290624999999997,
                  57.934374999999996
                ],
                [
                  -5.290624999999997,
                  57.93333333333333
                ],
                [
                  -5.29270833333333,
                  57.93333333333333
                ],
                [
                  -5.29270833333333,
                  57.932291666666664
                ],
                [
                  -5.293749999999997,
                  57.932291666666664
                ],
                [
                  -5.293749999999997,
                  57.93125
                ],
                [
                  -5.294791666666663,
                  57.93125
                ],
                [
                  -5.294791666666663,
                  57.92916666666666
                ],
                [
                  -5.28645833333333,
                  57.92916666666666
                ],
                [
                  -5.28645833333333,
                  57.930208333333326
                ],
                [
                  -5.276041666666663,
                  57.930208333333326
                ],
                [
                  -5.276041666666663,
                  57.92916666666666
                ],
                [
                  -5.272916666666664,
                  57.92916666666666
                ],
                [
                  -5.272916666666664,
                  57.928124999999994
                ],
                [
                  -5.27083333333333,
                  57.928124999999994
                ],
                [
                  -5.27083333333333,
                  57.92708333333333
                ],
                [
                  -5.271874999999997,
                  57.92708333333333
                ],
                [
                  -5.271874999999997,
                  57.92604166666666
                ],
                [
                  -5.279166666666663,
                  57.92604166666666
                ],
                [
                  -5.279166666666663,
                  57.925
                ],
                [
                  -5.282291666666663,
                  57.925
                ],
                [
                  -5.282291666666663,
                  57.92395833333333
                ],
                [
                  -5.284374999999996,
                  57.92395833333333
                ],
                [
                  -5.284374999999996,
                  57.922916666666666
                ],
                [
                  -5.279166666666663,
                  57.922916666666666
                ],
                [
                  -5.279166666666663,
                  57.92187499999999
                ],
                [
                  -5.27395833333333,
                  57.92187499999999
                ],
                [
                  -5.27395833333333,
                  57.922916666666666
                ],
                [
                  -5.271874999999997,
                  57.922916666666666
                ],
                [
                  -5.271874999999997,
                  57.92395833333333
                ],
                [
                  -5.268749999999996,
                  57.92395833333333
                ],
                [
                  -5.268749999999996,
                  57.925
                ],
                [
                  -5.26770833333333,
                  57.925
                ],
                [
                  -5.26770833333333,
                  57.92604166666666
                ],
                [
                  -5.26458333333333,
                  57.92604166666666
                ],
                [
                  -5.26458333333333,
                  57.92708333333333
                ],
                [
                  -5.262499999999997,
                  57.92708333333333
                ],
                [
                  -5.262499999999997,
                  57.92604166666666
                ],
                [
                  -5.254166666666663,
                  57.92604166666666
                ],
                [
                  -5.254166666666663,
                  57.925
                ],
                [
                  -5.246874999999997,
                  57.925
                ],
                [
                  -5.246874999999997,
                  57.92395833333333
                ],
                [
                  -5.23958333333333,
                  57.92395833333333
                ],
                [
                  -5.23958333333333,
                  57.922916666666666
                ],
                [
                  -5.23645833333333,
                  57.922916666666666
                ],
                [
                  -5.23645833333333,
                  57.92395833333333
                ],
                [
                  -5.231249999999997,
                  57.92395833333333
                ],
                [
                  -5.231249999999997,
                  57.922916666666666
                ],
                [
                  -5.229166666666663,
                  57.922916666666666
                ],
                [
                  -5.229166666666663,
                  57.92395833333333
                ],
                [
                  -5.228124999999997,
                  57.92395833333333
                ],
                [
                  -5.228124999999997,
                  57.922916666666666
                ],
                [
                  -5.226041666666664,
                  57.922916666666666
                ],
                [
                  -5.226041666666664,
                  57.92083333333333
                ],
                [
                  -5.224999999999997,
                  57.92083333333333
                ],
                [
                  -5.224999999999997,
                  57.91979166666666
                ],
                [
                  -5.222916666666663,
                  57.91979166666666
                ],
                [
                  -5.222916666666663,
                  57.918749999999996
                ],
                [
                  -5.221874999999996,
                  57.918749999999996
                ],
                [
                  -5.221874999999996,
                  57.91770833333333
                ],
                [
                  -5.21770833333333,
                  57.91770833333333
                ],
                [
                  -5.21770833333333,
                  57.916666666666664
                ],
                [
                  -5.215624999999997,
                  57.916666666666664
                ],
                [
                  -5.215624999999997,
                  57.915625
                ],
                [
                  -5.213541666666663,
                  57.915625
                ],
                [
                  -5.213541666666663,
                  57.914583333333326
                ],
                [
                  -5.21458333333333,
                  57.914583333333326
                ],
                [
                  -5.21458333333333,
                  57.91354166666666
                ],
                [
                  -5.2187499999999964,
                  57.91354166666666
                ],
                [
                  -5.2187499999999964,
                  57.914583333333326
                ],
                [
                  -5.222916666666663,
                  57.914583333333326
                ],
                [
                  -5.222916666666663,
                  57.915625
                ],
                [
                  -5.226041666666664,
                  57.915625
                ],
                [
                  -5.226041666666664,
                  57.916666666666664
                ],
                [
                  -5.228124999999997,
                  57.916666666666664
                ],
                [
                  -5.228124999999997,
                  57.91770833333333
                ],
                [
                  -5.23020833333333,
                  57.91770833333333
                ],
                [
                  -5.23020833333333,
                  57.916666666666664
                ],
                [
                  -5.231249999999997,
                  57.916666666666664
                ],
                [
                  -5.231249999999997,
                  57.914583333333326
                ],
                [
                  -5.232291666666663,
                  57.914583333333326
                ],
                [
                  -5.232291666666663,
                  57.916666666666664
                ],
                [
                  -5.23333333333333,
                  57.916666666666664
                ],
                [
                  -5.23333333333333,
                  57.91770833333333
                ],
                [
                  -5.2343749999999964,
                  57.91770833333333
                ],
                [
                  -5.2343749999999964,
                  57.918749999999996
                ],
                [
                  -5.235416666666663,
                  57.918749999999996
                ],
                [
                  -5.235416666666663,
                  57.91979166666666
                ],
                [
                  -5.246874999999997,
                  57.91979166666666
                ],
                [
                  -5.246874999999997,
                  57.918749999999996
                ],
                [
                  -5.260416666666663,
                  57.918749999999996
                ],
                [
                  -5.260416666666663,
                  57.91770833333333
                ],
                [
                  -5.268749999999996,
                  57.91770833333333
                ],
                [
                  -5.268749999999996,
                  57.916666666666664
                ],
                [
                  -5.272916666666664,
                  57.916666666666664
                ],
                [
                  -5.272916666666664,
                  57.915625
                ],
                [
                  -5.274999999999997,
                  57.915625
                ],
                [
                  -5.274999999999997,
                  57.914583333333326
                ],
                [
                  -5.27708333333333,
                  57.914583333333326
                ],
                [
                  -5.27708333333333,
                  57.91354166666666
                ],
                [
                  -5.28958333333333,
                  57.91354166666666
                ],
                [
                  -5.28958333333333,
                  57.914583333333326
                ],
                [
                  -5.290624999999997,
                  57.914583333333326
                ],
                [
                  -5.290624999999997,
                  57.915625
                ],
                [
                  -5.29270833333333,
                  57.915625
                ],
                [
                  -5.29270833333333,
                  57.914583333333326
                ],
                [
                  -5.29583333333333,
                  57.914583333333326
                ],
                [
                  -5.29583333333333,
                  57.91354166666666
                ],
                [
                  -5.299999999999996,
                  57.91354166666666
                ],
                [
                  -5.299999999999996,
                  57.914583333333326
                ],
                [
                  -5.301041666666663,
                  57.914583333333326
                ],
                [
                  -5.301041666666663,
                  57.915625
                ],
                [
                  -5.30208333333333,
                  57.915625
                ],
                [
                  -5.30208333333333,
                  57.916666666666664
                ],
                [
                  -5.30520833333333,
                  57.916666666666664
                ],
                [
                  -5.30520833333333,
                  57.91770833333333
                ],
                [
                  -5.307291666666663,
                  57.91770833333333
                ],
                [
                  -5.307291666666663,
                  57.918749999999996
                ],
                [
                  -5.309374999999997,
                  57.918749999999996
                ],
                [
                  -5.309374999999997,
                  57.91770833333333
                ],
                [
                  -5.31145833333333,
                  57.91770833333333
                ],
                [
                  -5.31145833333333,
                  57.916666666666664
                ],
                [
                  -5.313541666666663,
                  57.916666666666664
                ],
                [
                  -5.313541666666663,
                  57.915625
                ],
                [
                  -5.315624999999996,
                  57.915625
                ],
                [
                  -5.315624999999996,
                  57.914583333333326
                ],
                [
                  -5.31770833333333,
                  57.914583333333326
                ],
                [
                  -5.31770833333333,
                  57.915625
                ],
                [
                  -5.318749999999997,
                  57.915625
                ],
                [
                  -5.318749999999997,
                  57.916666666666664
                ],
                [
                  -5.319791666666664,
                  57.916666666666664
                ],
                [
                  -5.319791666666664,
                  57.91770833333333
                ],
                [
                  -5.321874999999997,
                  57.91770833333333
                ],
                [
                  -5.321874999999997,
                  57.918749999999996
                ],
                [
                  -5.324999999999997,
                  57.918749999999996
                ],
                [
                  -5.324999999999997,
                  57.91979166666666
                ],
                [
                  -5.326041666666663,
                  57.91979166666666
                ],
                [
                  -5.326041666666663,
                  57.92083333333333
                ],
                [
                  -5.324999999999997,
                  57.92083333333333
                ],
                [
                  -5.324999999999997,
                  57.922916666666666
                ],
                [
                  -5.32395833333333,
                  57.922916666666666
                ],
                [
                  -5.32395833333333,
                  57.92395833333333
                ],
                [
                  -5.326041666666663,
                  57.92395833333333
                ],
                [
                  -5.326041666666663,
                  57.922916666666666
                ],
                [
                  -5.32708333333333,
                  57.922916666666666
                ],
                [
                  -5.32708333333333,
                  57.92604166666666
                ],
                [
                  -5.331249999999996,
                  57.92604166666666
                ],
                [
                  -5.331249999999996,
                  57.92708333333333
                ],
                [
                  -5.329166666666663,
                  57.92708333333333
                ],
                [
                  -5.329166666666663,
                  57.928124999999994
                ],
                [
                  -5.33020833333333,
                  57.928124999999994
                ],
                [
                  -5.33020833333333,
                  57.92916666666666
                ],
                [
                  -5.331249999999996,
                  57.92916666666666
                ],
                [
                  -5.331249999999996,
                  57.930208333333326
                ],
                [
                  -5.332291666666663,
                  57.930208333333326
                ],
                [
                  -5.332291666666663,
                  57.93125
                ],
                [
                  -5.33333333333333,
                  57.93125
                ],
                [
                  -5.33333333333333,
                  57.932291666666664
                ],
                [
                  -5.33645833333333,
                  57.932291666666664
                ],
                [
                  -5.33645833333333,
                  57.93333333333333
                ],
                [
                  -5.337499999999997,
                  57.93333333333333
                ],
                [
                  -5.337499999999997,
                  57.934374999999996
                ],
                [
                  -5.33958333333333,
                  57.934374999999996
                ],
                [
                  -5.33958333333333,
                  57.93645833333333
                ],
                [
                  -5.340624999999997,
                  57.93645833333333
                ],
                [
                  -5.340624999999997,
                  57.93749999999999
                ],
                [
                  -5.346874999999996,
                  57.93749999999999
                ],
                [
                  -5.346874999999996,
                  57.938541666666666
                ],
                [
                  -5.347916666666663,
                  57.938541666666666
                ],
                [
                  -5.347916666666663,
                  57.940625
                ],
                [
                  -5.354166666666663,
                  57.940625
                ],
                [
                  -5.354166666666663,
                  57.94166666666666
                ],
                [
                  -5.35520833333333,
                  57.94166666666666
                ],
                [
                  -5.35520833333333,
                  57.94270833333333
                ],
                [
                  -5.357291666666663,
                  57.94270833333333
                ],
                [
                  -5.357291666666663,
                  57.943749999999994
                ],
                [
                  -5.3593749999999964,
                  57.943749999999994
                ],
                [
                  -5.3593749999999964,
                  57.94479166666666
                ],
                [
                  -5.362499999999996,
                  57.94479166666666
                ],
                [
                  -5.362499999999996,
                  57.945833333333326
                ],
                [
                  -5.36458333333333,
                  57.945833333333326
                ],
                [
                  -5.36458333333333,
                  57.94479166666666
                ],
                [
                  -5.365624999999997,
                  57.94479166666666
                ],
                [
                  -5.365624999999997,
                  57.94166666666666
                ],
                [
                  -5.366666666666664,
                  57.94166666666666
                ],
                [
                  -5.366666666666664,
                  57.940625
                ],
                [
                  -5.368749999999997,
                  57.940625
                ],
                [
                  -5.368749999999997,
                  57.93958333333333
                ],
                [
                  -5.37395833333333,
                  57.93958333333333
                ],
                [
                  -5.37395833333333,
                  57.938541666666666
                ],
                [
                  -5.376041666666663,
                  57.938541666666666
                ],
                [
                  -5.376041666666663,
                  57.93749999999999
                ],
                [
                  -5.38020833333333,
                  57.93749999999999
                ],
                [
                  -5.38020833333333,
                  57.938541666666666
                ],
                [
                  -5.382291666666664,
                  57.938541666666666
                ],
                [
                  -5.382291666666664,
                  57.93749999999999
                ],
                [
                  -5.38333333333333,
                  57.93749999999999
                ],
                [
                  -5.38333333333333,
                  57.93541666666666
                ],
                [
                  -5.384374999999997,
                  57.93541666666666
                ],
                [
                  -5.384374999999997,
                  57.934374999999996
                ],
                [
                  -5.385416666666663,
                  57.934374999999996
                ],
                [
                  -5.385416666666663,
                  57.93333333333333
                ],
                [
                  -5.388541666666663,
                  57.93333333333333
                ],
                [
                  -5.388541666666663,
                  57.934374999999996
                ],
                [
                  -5.3906249999999964,
                  57.934374999999996
                ],
                [
                  -5.3906249999999964,
                  57.93541666666666
                ],
                [
                  -5.391666666666663,
                  57.93541666666666
                ],
                [
                  -5.391666666666663,
                  57.93645833333333
                ],
                [
                  -5.397916666666664,
                  57.93645833333333
                ],
                [
                  -5.397916666666664,
                  57.93749999999999
                ],
                [
                  -5.409374999999996,
                  57.93749999999999
                ],
                [
                  -5.409374999999996,
                  57.93645833333333
                ],
                [
                  -5.410416666666663,
                  57.93645833333333
                ],
                [
                  -5.410416666666663,
                  57.934374999999996
                ],
                [
                  -5.41145833333333,
                  57.934374999999996
                ],
                [
                  -5.41145833333333,
                  57.93333333333333
                ],
                [
                  -5.412499999999997,
                  57.93333333333333
                ],
                [
                  -5.412499999999997,
                  57.932291666666664
                ],
                [
                  -5.416666666666663,
                  57.932291666666664
                ],
                [
                  -5.416666666666663,
                  57.93333333333333
                ],
                [
                  -5.418749999999997,
                  57.93333333333333
                ],
                [
                  -5.418749999999997,
                  57.934374999999996
                ],
                [
                  -5.42708333333333,
                  57.934374999999996
                ],
                [
                  -5.42708333333333,
                  57.93333333333333
                ],
                [
                  -5.428124999999997,
                  57.93333333333333
                ],
                [
                  -5.428124999999997,
                  57.93125
                ],
                [
                  -5.426041666666663,
                  57.93125
                ],
                [
                  -5.426041666666663,
                  57.930208333333326
                ],
                [
                  -5.42395833333333,
                  57.930208333333326
                ],
                [
                  -5.42395833333333,
                  57.92916666666666
                ],
                [
                  -5.42083333333333,
                  57.92916666666666
                ],
                [
                  -5.42083333333333,
                  57.928124999999994
                ],
                [
                  -5.419791666666663,
                  57.928124999999994
                ],
                [
                  -5.419791666666663,
                  57.92708333333333
                ],
                [
                  -5.42083333333333,
                  57.92708333333333
                ],
                [
                  -5.42083333333333,
                  57.92604166666666
                ],
                [
                  -5.42708333333333,
                  57.92604166666666
                ],
                [
                  -5.42708333333333,
                  57.925
                ],
                [
                  -5.43333333333333,
                  57.925
                ],
                [
                  -5.43333333333333,
                  57.92395833333333
                ],
                [
                  -5.435416666666663,
                  57.92395833333333
                ],
                [
                  -5.435416666666663,
                  57.922916666666666
                ],
                [
                  -5.434374999999997,
                  57.922916666666666
                ],
                [
                  -5.434374999999997,
                  57.92187499999999
                ],
                [
                  -5.43333333333333,
                  57.92187499999999
                ],
                [
                  -5.43333333333333,
                  57.92083333333333
                ],
                [
                  -5.429166666666664,
                  57.92083333333333
                ],
                [
                  -5.429166666666664,
                  57.91979166666666
                ],
                [
                  -5.42708333333333,
                  57.91979166666666
                ],
                [
                  -5.42708333333333,
                  57.92083333333333
                ],
                [
                  -5.412499999999997,
                  57.92083333333333
                ],
                [
                  -5.412499999999997,
                  57.91979166666666
                ],
                [
                  -5.407291666666663,
                  57.91979166666666
                ],
                [
                  -5.407291666666663,
                  57.916666666666664
                ],
                [
                  -5.4062499999999964,
                  57.916666666666664
                ],
                [
                  -5.4062499999999964,
                  57.914583333333326
                ],
                [
                  -5.40520833333333,
                  57.914583333333326
                ],
                [
                  -5.40520833333333,
                  57.91354166666666
                ],
                [
                  -5.404166666666663,
                  57.91354166666666
                ],
                [
                  -5.404166666666663,
                  57.912499999999994
                ],
                [
                  -5.40520833333333,
                  57.912499999999994
                ],
                [
                  -5.40520833333333,
                  57.91145833333333
                ],
                [
                  -5.407291666666663,
                  57.91145833333333
                ],
                [
                  -5.407291666666663,
                  57.912499999999994
                ],
                [
                  -5.409374999999996,
                  57.912499999999994
                ],
                [
                  -5.409374999999996,
                  57.91354166666666
                ],
                [
                  -5.41458333333333,
                  57.91354166666666
                ],
                [
                  -5.41458333333333,
                  57.914583333333326
                ],
                [
                  -5.4218749999999964,
                  57.914583333333326
                ],
                [
                  -5.4218749999999964,
                  57.91354166666666
                ],
                [
                  -5.426041666666663,
                  57.91354166666666
                ],
                [
                  -5.426041666666663,
                  57.912499999999994
                ],
                [
                  -5.428124999999997,
                  57.912499999999994
                ],
                [
                  -5.428124999999997,
                  57.91041666666666
                ],
                [
                  -5.429166666666664,
                  57.91041666666666
                ],
                [
                  -5.429166666666664,
                  57.907291666666666
                ],
                [
                  -5.43020833333333,
                  57.907291666666666
                ],
                [
                  -5.43020833333333,
                  57.90624999999999
                ],
                [
                  -5.43333333333333,
                  57.90624999999999
                ],
                [
                  -5.43333333333333,
                  57.90520833333333
                ],
                [
                  -5.43645833333333,
                  57.90520833333333
                ],
                [
                  -5.43645833333333,
                  57.90416666666666
                ],
                [
                  -5.438541666666663,
                  57.90416666666666
                ],
                [
                  -5.438541666666663,
                  57.90520833333333
                ],
                [
                  -5.440624999999996,
                  57.90520833333333
                ],
                [
                  -5.440624999999996,
                  57.907291666666666
                ],
                [
                  -5.446874999999997,
                  57.907291666666666
                ],
                [
                  -5.446874999999997,
                  57.90833333333333
                ],
                [
                  -5.46145833333333,
                  57.90833333333333
                ],
                [
                  -5.46145833333333,
                  57.909375
                ],
                [
                  -5.471874999999996,
                  57.909375
                ],
                [
                  -5.471874999999996,
                  57.90833333333333
                ],
                [
                  -5.4843749999999964,
                  57.90833333333333
                ],
                [
                  -5.4843749999999964,
                  57.909375
                ],
                [
                  -5.494791666666663,
                  57.909375
                ],
                [
                  -5.494791666666663,
                  57.91041666666666
                ],
                [
                  -5.5,
                  57.91041666666666
                ],
                [
                  -5.5,
                  57.938541666666666
                ],
                [
                  -5.487499999999996,
                  57.938541666666666
                ],
                [
                  -5.487499999999996,
                  57.93749999999999
                ],
                [
                  -5.474999999999997,
                  57.93749999999999
                ],
                [
                  -5.474999999999997,
                  57.938541666666666
                ],
                [
                  -5.472916666666663,
                  57.938541666666666
                ],
                [
                  -5.472916666666663,
                  57.93958333333333
                ],
                [
                  -5.469791666666663,
                  57.93958333333333
                ],
                [
                  -5.469791666666663,
                  57.94166666666666
                ],
                [
                  -5.478124999999997,
                  57.94166666666666
                ],
                [
                  -5.478124999999997,
                  57.94270833333333
                ],
                [
                  -5.481249999999997,
                  57.94270833333333
                ],
                [
                  -5.481249999999997,
                  57.943749999999994
                ],
                [
                  -5.485416666666663,
                  57.943749999999994
                ],
                [
                  -5.485416666666663,
                  57.94479166666666
                ],
                [
                  -5.487499999999996,
                  57.94479166666666
                ],
                [
                  -5.487499999999996,
                  57.943749999999994
                ],
                [
                  -5.491666666666664,
                  57.943749999999994
                ],
                [
                  -5.491666666666664,
                  57.94270833333333
                ],
                [
                  -5.49895833333333,
                  57.94270833333333
                ],
                [
                  -5.49895833333333,
                  57.94166666666666
                ],
                [
                  -5.5,
                  57.94166666666666
                ],
                [
                  -5.5,
                  57.95520833333333
                ],
                [
                  -5.496874999999997,
                  57.95520833333333
                ],
                [
                  -5.496874999999997,
                  57.95625
                ],
                [
                  -5.493749999999997,
                  57.95625
                ],
                [
                  -5.493749999999997,
                  57.95729166666666
                ],
                [
                  -5.49270833333333,
                  57.95729166666666
                ],
                [
                  -5.49270833333333,
                  57.95833333333333
                ],
                [
                  -5.491666666666664,
                  57.95833333333333
                ],
                [
                  -5.491666666666664,
                  57.96041666666666
                ],
                [
                  -5.490624999999997,
                  57.96041666666666
                ],
                [
                  -5.490624999999997,
                  57.961458333333326
                ],
                [
                  -5.48958333333333,
                  57.961458333333326
                ],
                [
                  -5.48958333333333,
                  57.96770833333333
                ],
                [
                  -5.488541666666663,
                  57.96770833333333
                ],
                [
                  -5.488541666666663,
                  57.96874999999999
                ],
                [
                  -5.48958333333333,
                  57.96874999999999
                ],
                [
                  -5.48958333333333,
                  57.969791666666666
                ],
                [
                  -5.488541666666663,
                  57.969791666666666
                ],
                [
                  -5.488541666666663,
                  57.971875
                ],
                [
                  -5.487499999999996,
                  57.971875
                ],
                [
                  -5.487499999999996,
                  57.97395833333333
                ],
                [
                  -5.48645833333333,
                  57.97395833333333
                ],
                [
                  -5.48645833333333,
                  57.974999999999994
                ],
                [
                  -5.487499999999996,
                  57.974999999999994
                ],
                [
                  -5.487499999999996,
                  57.97604166666666
                ],
                [
                  -5.485416666666663,
                  57.97604166666666
                ],
                [
                  -5.485416666666663,
                  57.98229166666666
                ],
                [
                  -5.4843749999999964,
                  57.98229166666666
                ],
                [
                  -5.4843749999999964,
                  57.98333333333333
                ],
                [
                  -5.48333333333333,
                  57.98333333333333
                ],
                [
                  -5.48333333333333,
                  57.98437499999999
                ],
                [
                  -5.482291666666663,
                  57.98437499999999
                ],
                [
                  -5.482291666666663,
                  57.985416666666666
                ],
                [
                  -5.474999999999997,
                  57.985416666666666
                ],
                [
                  -5.474999999999997,
                  57.98437499999999
                ],
                [
                  -5.472916666666663,
                  57.98437499999999
                ],
                [
                  -5.472916666666663,
                  57.98333333333333
                ],
                [
                  -5.471874999999996,
                  57.98333333333333
                ],
                [
                  -5.471874999999996,
                  57.98437499999999
                ],
                [
                  -5.47083333333333,
                  57.98437499999999
                ],
                [
                  -5.47083333333333,
                  57.98333333333333
                ],
                [
                  -5.469791666666663,
                  57.98333333333333
                ],
                [
                  -5.469791666666663,
                  57.98437499999999
                ],
                [
                  -5.4687499999999964,
                  57.98437499999999
                ],
                [
                  -5.4687499999999964,
                  57.98333333333333
                ],
                [
                  -5.466666666666663,
                  57.98333333333333
                ],
                [
                  -5.466666666666663,
                  57.98437499999999
                ],
                [
                  -5.465624999999997,
                  57.98437499999999
                ],
                [
                  -5.465624999999997,
                  57.98333333333333
                ],
                [
                  -5.46458333333333,
                  57.98333333333333
                ],
                [
                  -5.46458333333333,
                  57.98437499999999
                ],
                [
                  -5.462499999999997,
                  57.98437499999999
                ],
                [
                  -5.462499999999997,
                  57.985416666666666
                ],
                [
                  -5.46145833333333,
                  57.985416666666666
                ],
                [
                  -5.46145833333333,
                  57.98645833333333
                ],
                [
                  -5.460416666666664,
                  57.98645833333333
                ],
                [
                  -5.460416666666664,
                  57.9875
                ],
                [
                  -5.459374999999997,
                  57.9875
                ],
                [
                  -5.459374999999997,
                  57.98854166666666
                ],
                [
                  -5.457291666666663,
                  57.98854166666666
                ],
                [
                  -5.457291666666663,
                  57.990624999999994
                ],
                [
                  -5.456249999999996,
                  57.990624999999994
                ],
                [
                  -5.456249999999996,
                  57.99166666666666
                ],
                [
                  -5.45520833333333,
                  57.99166666666666
                ],
                [
                  -5.45520833333333,
                  57.992708333333326
                ],
                [
                  -5.454166666666663,
                  57.992708333333326
                ],
                [
                  -5.454166666666663,
                  57.99375
                ],
                [
                  -5.4531249999999964,
                  57.99375
                ],
                [
                  -5.4531249999999964,
                  57.994791666666664
                ],
                [
                  -5.45208333333333,
                  57.994791666666664
                ],
                [
                  -5.45208333333333,
                  57.992708333333326
                ],
                [
                  -5.451041666666663,
                  57.992708333333326
                ],
                [
                  -5.451041666666663,
                  57.99166666666666
                ],
                [
                  -5.45,
                  57.99166666666666
                ],
                [
                  -5.45,
                  57.98437499999999
                ],
                [
                  -5.451041666666663,
                  57.98437499999999
                ],
                [
                  -5.451041666666663,
                  57.98333333333333
                ],
                [
                  -5.45208333333333,
                  57.98333333333333
                ],
                [
                  -5.45208333333333,
                  57.98437499999999
                ],
                [
                  -5.454166666666663,
                  57.98437499999999
                ],
                [
                  -5.454166666666663,
                  57.98333333333333
                ],
                [
                  -5.45520833333333,
                  57.98333333333333
                ],
                [
                  -5.45520833333333,
                  57.98229166666666
                ],
                [
                  -5.457291666666663,
                  57.98229166666666
                ],
                [
                  -5.457291666666663,
                  57.98020833333333
                ],
                [
                  -5.45833333333333,
                  57.98020833333333
                ],
                [
                  -5.45833333333333,
                  57.981249999999996
                ],
                [
                  -5.459374999999997,
                  57.981249999999996
                ],
                [
                  -5.459374999999997,
                  57.979166666666664
                ],
                [
                  -5.45833333333333,
                  57.979166666666664
                ],
                [
                  -5.45833333333333,
                  57.977083333333326
                ],
                [
                  -5.459374999999997,
                  57.977083333333326
                ],
                [
                  -5.459374999999997,
                  57.97395833333333
                ],
                [
                  -5.460416666666664,
                  57.97395833333333
                ],
                [
                  -5.460416666666664,
                  57.974999999999994
                ],
                [
                  -5.46458333333333,
                  57.974999999999994
                ],
                [
                  -5.46458333333333,
                  57.97604166666666
                ],
                [
                  -5.466666666666663,
                  57.97604166666666
                ],
                [
                  -5.466666666666663,
                  57.974999999999994
                ],
                [
                  -5.469791666666663,
                  57.974999999999994
                ],
                [
                  -5.469791666666663,
                  57.97604166666666
                ],
                [
                  -5.47083333333333,
                  57.97604166666666
                ],
                [
                  -5.47083333333333,
                  57.974999999999994
                ],
                [
                  -5.472916666666663,
                  57.974999999999994
                ],
                [
                  -5.472916666666663,
                  57.97395833333333
                ],
                [
                  -5.47395833333333,
                  57.97395833333333
                ],
                [
                  -5.47395833333333,
                  57.97291666666666
                ],
                [
                  -5.472916666666663,
                  57.97291666666666
                ],
                [
                  -5.472916666666663,
                  57.971875
                ],
                [
                  -5.47395833333333,
                  57.971875
                ],
                [
                  -5.47395833333333,
                  57.969791666666666
                ],
                [
                  -5.472916666666663,
                  57.969791666666666
                ],
                [
                  -5.472916666666663,
                  57.96666666666666
                ],
                [
                  -5.471874999999996,
                  57.96666666666666
                ],
                [
                  -5.471874999999996,
                  57.965624999999996
                ],
                [
                  -5.47083333333333,
                  57.965624999999996
                ],
                [
                  -5.47083333333333,
                  57.963541666666664
                ],
                [
                  -5.469791666666663,
                  57.963541666666664
                ],
                [
                  -5.469791666666663,
                  57.9625
                ],
                [
                  -5.4687499999999964,
                  57.9625
                ],
                [
                  -5.4687499999999964,
                  57.963541666666664
                ],
                [
                  -5.46770833333333,
                  57.963541666666664
                ],
                [
                  -5.46770833333333,
                  57.9625
                ],
                [
                  -5.466666666666663,
                  57.9625
                ],
                [
                  -5.466666666666663,
                  57.96041666666666
                ],
                [
                  -5.46458333333333,
                  57.96041666666666
                ],
                [
                  -5.46458333333333,
                  57.959374999999994
                ],
                [
                  -5.466666666666663,
                  57.959374999999994
                ],
                [
                  -5.466666666666663,
                  57.95729166666666
                ],
                [
                  -5.46458333333333,
                  57.95729166666666
                ],
                [
                  -5.46458333333333,
                  57.95625
                ],
                [
                  -5.46145833333333,
                  57.95625
                ],
                [
                  -5.46145833333333,
                  57.95729166666666
                ],
                [
                  -5.45833333333333,
                  57.95729166666666
                ],
                [
                  -5.45833333333333,
                  57.95833333333333
                ],
                [
                  -5.456249999999996,
                  57.95833333333333
                ],
                [
                  -5.456249999999996,
                  57.959374999999994
                ],
                [
                  -5.454166666666663,
                  57.959374999999994
                ],
                [
                  -5.454166666666663,
                  57.95729166666666
                ],
                [
                  -5.45,
                  57.95729166666666
                ],
                [
                  -5.45,
                  57.95
                ],
                [
                  -5.353124999999997,
                  57.95
                ],
                [
                  -5.353124999999997,
                  57.949999999999996
                ],
                [
                  -5.349999999999997,
                  57.949999999999996
                ],
                [
                  -5.349999999999997,
                  57.95
                ],
                [
                  -5.346874999999996,
                  57.95
                ],
                [
                  -5.346874999999996,
                  57.949999999999996
                ],
                [
                  -5.340624999999997,
                  57.949999999999996
                ],
                [
                  -5.340624999999997,
                  57.94895833333333
                ],
                [
                  -5.335416666666664,
                  57.94895833333333
                ],
                [
                  -5.335416666666664,
                  57.947916666666664
                ],
                [
                  -5.331249999999996,
                  57.947916666666664
                ],
                [
                  -5.331249999999996,
                  57.946875
                ],
                [
                  -5.33020833333333,
                  57.946875
                ],
                [
                  -5.33020833333333,
                  57.947916666666664
                ],
                [
                  -5.3281249999999964,
                  57.947916666666664
                ],
                [
                  -5.3281249999999964,
                  57.946875
                ],
                [
                  -5.32395833333333,
                  57.946875
                ],
                [
                  -5.32395833333333,
                  57.945833333333326
                ],
                [
                  -5.318749999999997,
                  57.945833333333326
                ],
                [
                  -5.318749999999997,
                  57.94895833333333
                ],
                [
                  -5.321874999999997,
                  57.94895833333333
                ],
                [
                  -5.321874999999997,
                  57.95
                ],
                [
                  -5.304166666666664,
                  57.95
                ],
                [
                  -5.304166666666664,
                  57.949999999999996
                ],
                [
                  -5.29583333333333,
                  57.949999999999996
                ],
                [
                  -5.29583333333333,
                  57.95
                ],
                [
                  -5.28645833333333,
                  57.95
                ],
                [
                  -5.28645833333333,
                  57.949999999999996
                ],
                [
                  -5.2812499999999964,
                  57.949999999999996
                ]
              ],
              [
                [
                  -5.472916666666663,
                  57.97604166666666
                ],
                [
                  -5.471874999999996,
                  57.97604166666666
                ],
                [
                  -5.471874999999996,
                  57.977083333333326
                ],
                [
                  -5.47083333333333,
                  57.977083333333326
                ],
                [
                  -5.47083333333333,
                  57.978125
                ],
                [
                  -5.474999999999997,
                  57.978125
                ],
                [
                  -5.474999999999997,
                  57.979166666666664
                ],
                [
                  -5.47395833333333,
                  57.979166666666664
                ],
                [
                  -5.47395833333333,
                  57.981249999999996
                ],
                [
                  -5.474999999999997,
                  57.981249999999996
                ],
                [
                  -5.474999999999997,
                  57.98229166666666
                ],
                [
                  -5.47395833333333,
                  57.98229166666666
                ],
                [
                  -5.47395833333333,
                  57.98333333333333
                ],
                [
                  -5.478124999999997,
                  57.98333333333333
                ],
                [
                  -5.478124999999997,
                  57.98229166666666
                ],
                [
                  -5.479166666666663,
                  57.98229166666666
                ],
                [
                  -5.479166666666663,
                  57.978125
                ],
                [
                  -5.478124999999997,
                  57.978125
                ],
                [
                  -5.478124999999997,
                  57.97604166666666
                ],
                [
                  -5.47708333333333,
                  57.97604166666666
                ],
                [
                  -5.47708333333333,
                  57.974999999999994
                ],
                [
                  -5.476041666666664,
                  57.974999999999994
                ],
                [
                  -5.476041666666664,
                  57.97395833333333
                ],
                [
                  -5.474999999999997,
                  57.97395833333333
                ],
                [
                  -5.474999999999997,
                  57.974999999999994
                ],
                [
                  -5.472916666666663,
                  57.974999999999994
                ],
                [
                  -5.472916666666663,
                  57.97604166666666
                ]
              ],
              [
                [
                  -5.47395833333333,
                  57.96666666666666
                ],
                [
                  -5.47395833333333,
                  57.965624999999996
                ],
                [
                  -5.472916666666663,
                  57.965624999999996
                ],
                [
                  -5.472916666666663,
                  57.96666666666666
                ],
                [
                  -5.47395833333333,
                  57.96666666666666
                ]
              ],
              [
                [
                  -5.318749999999997,
                  57.94479166666666
                ],
                [
                  -5.316666666666663,
                  57.94479166666666
                ],
                [
                  -5.316666666666663,
                  57.945833333333326
                ],
                [
                  -5.318749999999997,
                  57.945833333333326
                ],
                [
                  -5.318749999999997,
                  57.94479166666666
                ]
              ],
              [
                [
                  -5.459374999999997,
                  57.954166666666666
                ],
                [
                  -5.456249999999996,
                  57.954166666666666
                ],
                [
                  -5.456249999999996,
                  57.95520833333333
                ],
                [
                  -5.459374999999997,
                  57.95520833333333
                ],
                [
                  -5.459374999999997,
                  57.954166666666666
                ]
              ],
              [
                [
                  -5.460416666666664,
                  57.954166666666666
                ],
                [
                  -5.460416666666664,
                  57.95312499999999
                ],
                [
                  -5.459374999999997,
                  57.95312499999999
                ],
                [
                  -5.459374999999997,
                  57.954166666666666
                ],
                [
                  -5.460416666666664,
                  57.954166666666666
                ]
              ],
              [
                [
                  -5.45520833333333,
                  57.95312499999999
                ],
                [
                  -5.45520833333333,
                  57.95208333333333
                ],
                [
                  -5.451041666666663,
                  57.95208333333333
                ],
                [
                  -5.451041666666663,
                  57.954166666666666
                ],
                [
                  -5.4531249999999964,
                  57.954166666666666
                ],
                [
                  -5.4531249999999964,
                  57.95312499999999
                ],
                [
                  -5.45520833333333,
                  57.95312499999999
                ]
              ],
              [
                [
                  -5.48333333333333,
                  57.947916666666664
                ],
                [
                  -5.48333333333333,
                  57.94895833333333
                ],
                [
                  -5.485416666666663,
                  57.94895833333333
                ],
                [
                  -5.485416666666663,
                  57.949999999999996
                ],
                [
                  -5.48645833333333,
                  57.949999999999996
                ],
                [
                  -5.48645833333333,
                  57.947916666666664
                ],
                [
                  -5.48333333333333,
                  57.947916666666664
                ]
              ],
              [
                [
                  -5.459374999999997,
                  57.949999999999996
                ],
                [
                  -5.459374999999997,
                  57.94895833333333
                ],
                [
                  -5.463541666666663,
                  57.94895833333333
                ],
                [
                  -5.463541666666663,
                  57.947916666666664
                ],
                [
                  -5.462499999999997,
                  57.947916666666664
                ],
                [
                  -5.462499999999997,
                  57.946875
                ],
                [
                  -5.457291666666663,
                  57.946875
                ],
                [
                  -5.457291666666663,
                  57.947916666666664
                ],
                [
                  -5.45520833333333,
                  57.947916666666664
                ],
                [
                  -5.45520833333333,
                  57.949999999999996
                ],
                [
                  -5.459374999999997,
                  57.949999999999996
                ]
              ],
              [
                [
                  -5.466666666666663,
                  57.94895833333333
                ],
                [
                  -5.466666666666663,
                  57.947916666666664
                ],
                [
                  -5.46458333333333,
                  57.947916666666664
                ],
                [
                  -5.46458333333333,
                  57.94895833333333
                ],
                [
                  -5.466666666666663,
                  57.94895833333333
                ]
              ],
              [
                [
                  -5.307291666666663,
                  57.947916666666664
                ],
                [
                  -5.307291666666663,
                  57.94895833333333
                ],
                [
                  -5.3124999999999964,
                  57.94895833333333
                ],
                [
                  -5.3124999999999964,
                  57.947916666666664
                ],
                [
                  -5.307291666666663,
                  57.947916666666664
                ]
              ],
              [
                [
                  -5.307291666666663,
                  57.946875
                ],
                [
                  -5.30520833333333,
                  57.946875
                ],
                [
                  -5.30520833333333,
                  57.947916666666664
                ],
                [
                  -5.307291666666663,
                  57.947916666666664
                ],
                [
                  -5.307291666666663,
                  57.946875
                ]
              ],
              [
                [
                  -5.372916666666663,
                  57.94166666666666
                ],
                [
                  -5.372916666666663,
                  57.940625
                ],
                [
                  -5.369791666666663,
                  57.940625
                ],
                [
                  -5.369791666666663,
                  57.94270833333333
                ],
                [
                  -5.371874999999997,
                  57.94270833333333
                ],
                [
                  -5.371874999999997,
                  57.94166666666666
                ],
                [
                  -5.372916666666663,
                  57.94166666666666
                ]
              ],
              [
                [
                  -5.335416666666664,
                  57.938541666666666
                ],
                [
                  -5.335416666666664,
                  57.93958333333333
                ],
                [
                  -5.338541666666663,
                  57.93958333333333
                ],
                [
                  -5.338541666666663,
                  57.938541666666666
                ],
                [
                  -5.33645833333333,
                  57.938541666666666
                ],
                [
                  -5.33645833333333,
                  57.93749999999999
                ],
                [
                  -5.335416666666664,
                  57.93749999999999
                ],
                [
                  -5.335416666666664,
                  57.93645833333333
                ],
                [
                  -5.33020833333333,
                  57.93645833333333
                ],
                [
                  -5.33020833333333,
                  57.938541666666666
                ],
                [
                  -5.329166666666663,
                  57.938541666666666
                ],
                [
                  -5.329166666666663,
                  57.940625
                ],
                [
                  -5.33020833333333,
                  57.940625
                ],
                [
                  -5.33020833333333,
                  57.93958333333333
                ],
                [
                  -5.33333333333333,
                  57.93958333333333
                ],
                [
                  -5.33333333333333,
                  57.938541666666666
                ],
                [
                  -5.335416666666664,
                  57.938541666666666
                ]
              ],
              [
                [
                  -5.294791666666663,
                  57.93541666666666
                ],
                [
                  -5.294791666666663,
                  57.93645833333333
                ],
                [
                  -5.2968749999999964,
                  57.93645833333333
                ],
                [
                  -5.2968749999999964,
                  57.93749999999999
                ],
                [
                  -5.29895833333333,
                  57.93749999999999
                ],
                [
                  -5.29895833333333,
                  57.93541666666666
                ],
                [
                  -5.294791666666663,
                  57.93541666666666
                ]
              ]
            ]
          },
          {
            "type": "Polygon",
            "coordinates": [
              [
                [
                  -5.20208333333333,
                  57.94895833333333
                ],
                [
                  -5.20208333333333,
                  57.949999999999996
                ],
                [
                  -5.2031249999999964,
                  57.949999999999996
                ],
                [
                  -5.2031249999999964,
                  57.95104166666666
                ],
                [
                  -5.20208333333333,
                  57.95104166666666
                ],
                [
                  -5.20208333333333,
                  57.95208333333333
                ],
                [
                  -5.2,
                  57.95208333333333
                ],
                [
                  -5.2,
                  57.94895833333333
                ],
                [
                  -5.20208333333333,
                  57.94895833333333
                ]
              ]
            ]
          },
          {
            "type": "Polygon",
            "coordinates": [
              [
                [
                  -5.213541666666663,
                  57.95312499999999
                ],
                [
                  -5.212499999999997,
                  57.95312499999999
                ],
                [
                  -5.212499999999997,
                  57.95208333333333
                ],
                [
                  -5.213541666666663,
                  57.95208333333333
                ],
                [
                  -5.213541666666663,
                  57.95312499999999
                ]
              ]
            ]
          },
          {
            "type": "Polygon",
            "coordinates": [
              [
                [
                  -5.232291666666663,
                  57.95208333333333
                ],
                [
                  -5.232291666666663,
                  57.95104166666666
                ],
                [
                  -5.2343749999999964,
                  57.95104166666666
                ],
                [
                  -5.2343749999999964,
                  57.95208333333333
                ],
                [
                  -5.23645833333333,
                  57.95208333333333
                ],
                [
                  -5.23645833333333,
                  57.95312499999999
                ],
                [
                  -5.235416666666663,
                  57.95312499999999
                ],
                [
                  -5.235416666666663,
                  57.954166666666666
                ],
                [
                  -5.23645833333333,
                  57.954166666666666
                ],
                [
                  -5.23645833333333,
                  57.95520833333333
                ],
                [
                  -5.232291666666663,
                  57.95520833333333
                ],
                [
                  -5.232291666666663,
                  57.954166666666666
                ],
                [
                  -5.231249999999997,
                  57.954166666666666
                ],
                [
                  -5.231249999999997,
                  57.95208333333333
                ],
                [
                  -5.232291666666663,
                  57.95208333333333
                ]
              ]
            ]
          },
          {
            "type": "Polygon",
            "coordinates": [
              [
                [
                  -5.21770833333333,
                  57.95625
                ],
                [
                  -5.216666666666663,
                  57.95625
                ],
                [
                  -5.216666666666663,
                  57.954166666666666
                ],
                [
                  -5.21770833333333,
                  57.954166666666666
                ],
                [
                  -5.21770833333333,
                  57.95625
                ]
              ]
            ]
          },
          {
            "type": "Polygon",
            "coordinates": [
              [
                [
                  -5.247916666666663,
                  57.96666666666666
                ],
                [
                  -5.247916666666663,
                  57.965624999999996
                ],
                [
                  -5.246874999999997,
                  57.965624999999996
                ],
                [
                  -5.246874999999997,
                  57.96458333333333
                ],
                [
                  -5.243749999999997,
                  57.96458333333333
                ],
                [
                  -5.243749999999997,
                  57.963541666666664
                ],
                [
                  -5.241666666666664,
                  57.963541666666664
                ],
                [
                  -5.241666666666664,
                  57.959374999999994
                ],
                [
                  -5.240624999999997,
                  57.959374999999994
                ],
                [
                  -5.240624999999997,
                  57.95833333333333
                ],
                [
                  -5.23958333333333,
                  57.95833333333333
                ],
                [
                  -5.23958333333333,
                  57.95625
                ],
                [
                  -5.237499999999996,
                  57.95625
                ],
                [
                  -5.237499999999996,
                  57.954166666666666
                ],
                [
                  -5.23645833333333,
                  57.954166666666666
                ],
                [
                  -5.23645833333333,
                  57.95312499999999
                ],
                [
                  -5.238541666666663,
                  57.95312499999999
                ],
                [
                  -5.238541666666663,
                  57.95104166666666
                ],
                [
                  -5.23958333333333,
                  57.95104166666666
                ],
                [
                  -5.23958333333333,
                  57.949999999999996
                ],
                [
                  -5.243749999999997,
                  57.949999999999996
                ],
                [
                  -5.243749999999997,
                  57.94895833333333
                ],
                [
                  -5.251041666666663,
                  57.94895833333333
                ],
                [
                  -5.251041666666663,
                  57.947916666666664
                ],
                [
                  -5.256249999999997,
                  57.947916666666664
                ],
                [
                  -5.256249999999997,
                  57.94895833333333
                ],
                [
                  -5.25520833333333,
                  57.94895833333333
                ],
                [
                  -5.25520833333333,
                  57.949999999999996
                ],
                [
                  -5.256249999999997,
                  57.949999999999996
                ],
                [
                  -5.256249999999997,
                  57.95
                ],
                [
                  -5.25,
                  57.95
                ],
                [
                  -5.25,
                  57.969791666666666
                ],
                [
                  -5.24895833333333,
                  57.969791666666666
                ],
                [
                  -5.24895833333333,
                  57.96874999999999
                ],
                [
                  -5.247916666666663,
                  57.96874999999999
                ],
                [
                  -5.247916666666663,
                  57.96770833333333
                ],
                [
                  -5.2499999999999964,
                  57.96770833333333
                ],
                [
                  -5.2499999999999964,
                  57.96666666666666
                ],
                [
                  -5.247916666666663,
                  57.96666666666666
                ]
              ],
              [
                [
                  -5.247916666666663,
                  57.95833333333333
                ],
                [
                  -5.247916666666663,
                  57.95729166666666
                ],
                [
                  -5.244791666666663,
                  57.95729166666666
                ],
                [
                  -5.244791666666663,
                  57.95833333333333
                ],
                [
                  -5.247916666666663,
                  57.95833333333333
                ]
              ]
            ]
          },
          {
            "type": "Polygon",
            "coordinates": [
              [
                [
                  -5.303124999999997,
                  58.088541666666664
                ],
                [
                  -5.30208333333333,
                  58.088541666666664
                ],
                [
                  -5.30208333333333,
                  58.0875
                ],
                [
                  -5.303124999999997,
                  58.0875
                ],
                [
                  -5.303124999999997,
                  58.088541666666664
                ]
              ]
            ]
          },
          {
            "type": "Polygon",
            "coordinates": [
              [
                [
                  -5.306249999999997,
                  58.088541666666664
                ],
                [
                  -5.306249999999997,
                  58.08958333333333
                ],
                [
                  -5.309374999999997,
                  58.08958333333333
                ],
                [
                  -5.309374999999997,
                  58.088541666666664
                ],
                [
                  -5.31145833333333,
                  58.088541666666664
                ],
                [
                  -5.31145833333333,
                  58.0875
                ],
                [
                  -5.313541666666663,
                  58.0875
                ],
                [
                  -5.313541666666663,
                  58.086458333333326
                ],
                [
                  -5.31458333333333,
                  58.086458333333326
                ],
                [
                  -5.31458333333333,
                  58.08541666666666
                ],
                [
                  -5.31145833333333,
                  58.08541666666666
                ],
                [
                  -5.31145833333333,
                  58.084374999999994
                ],
                [
                  -5.309374999999997,
                  58.084374999999994
                ],
                [
                  -5.309374999999997,
                  58.08333333333333
                ],
                [
                  -5.307291666666663,
                  58.08333333333333
                ],
                [
                  -5.307291666666663,
                  58.084374999999994
                ],
                [
                  -5.304166666666664,
                  58.084374999999994
                ],
                [
                  -5.304166666666664,
                  58.08125
                ],
                [
                  -5.309374999999997,
                  58.08125
                ],
                [
                  -5.309374999999997,
                  58.08229166666666
                ],
                [
                  -5.3124999999999964,
                  58.08229166666666
                ],
                [
                  -5.3124999999999964,
                  58.08333333333333
                ],
                [
                  -5.31458333333333,
                  58.08333333333333
                ],
                [
                  -5.31458333333333,
                  58.084374999999994
                ],
                [
                  -5.315624999999996,
                  58.084374999999994
                ],
                [
                  -5.315624999999996,
                  58.08541666666666
                ],
                [
                  -5.31770833333333,
                  58.08541666666666
                ],
                [
                  -5.31770833333333,
                  58.086458333333326
                ],
                [
                  -5.319791666666664,
                  58.086458333333326
                ],
                [
                  -5.319791666666664,
                  58.084374999999994
                ],
                [
                  -5.321874999999997,
                  58.084374999999994
                ],
                [
                  -5.321874999999997,
                  58.08541666666666
                ],
                [
                  -5.322916666666663,
                  58.08541666666666
                ],
                [
                  -5.322916666666663,
                  58.086458333333326
                ],
                [
                  -5.324999999999997,
                  58.086458333333326
                ],
                [
                  -5.324999999999997,
                  58.0875
                ],
                [
                  -5.3281249999999964,
                  58.0875
                ],
                [
                  -5.3281249999999964,
                  58.088541666666664
                ],
                [
                  -5.33020833333333,
                  58.088541666666664
                ],
                [
                  -5.33020833333333,
                  58.0875
                ],
                [
                  -5.332291666666663,
                  58.0875
                ],
                [
                  -5.332291666666663,
                  58.088541666666664
                ],
                [
                  -5.33333333333333,
                  58.088541666666664
                ],
                [
                  -5.33333333333333,
                  58.08958333333333
                ],
                [
                  -5.33645833333333,
                  58.08958333333333
                ],
                [
                  -5.33645833333333,
                  58.090624999999996
                ],
                [
                  -5.337499999999997,
                  58.090624999999996
                ],
                [
                  -5.337499999999997,
                  58.09166666666666
                ],
                [
                  -5.33958333333333,
                  58.09166666666666
                ],
                [
                  -5.33958333333333,
                  58.09270833333333
                ],
                [
                  -5.34270833333333,
                  58.09270833333333
                ],
                [
                  -5.34270833333333,
                  58.09374999999999
                ],
                [
                  -5.344791666666663,
                  58.09374999999999
                ],
                [
                  -5.344791666666663,
                  58.094791666666666
                ],
                [
                  -5.34583333333333,
                  58.094791666666666
                ],
                [
                  -5.34583333333333,
                  58.09166666666666
                ],
                [
                  -5.346874999999996,
                  58.09166666666666
                ],
                [
                  -5.346874999999996,
                  58.090624999999996
                ],
                [
                  -5.347916666666663,
                  58.090624999999996
                ],
                [
                  -5.347916666666663,
                  58.08958333333333
                ],
                [
                  -5.351041666666664,
                  58.08958333333333
                ],
                [
                  -5.351041666666664,
                  58.090624999999996
                ],
                [
                  -5.349999999999997,
                  58.090624999999996
                ],
                [
                  -5.349999999999997,
                  58.09166666666666
                ],
                [
                  -5.351041666666664,
                  58.09166666666666
                ],
                [
                  -5.351041666666664,
                  58.094791666666666
                ],
                [
                  -5.35208333333333,
                  58.094791666666666
                ],
                [
                  -5.35208333333333,
                  58.09583333333333
                ],
                [
                  -5.353124999999997,
                  58.09583333333333
                ],
                [
                  -5.353124999999997,
                  58.096875
                ],
                [
                  -5.354166666666663,
                  58.096875
                ],
                [
                  -5.354166666666663,
                  58.09791666666666
                ],
                [
                  -5.356249999999997,
                  58.09791666666666
                ],
                [
                  -5.356249999999997,
                  58.09583333333333
                ],
                [
                  -5.35520833333333,
                  58.09583333333333
                ],
                [
                  -5.35520833333333,
                  58.09270833333333
                ],
                [
                  -5.354166666666663,
                  58.09270833333333
                ],
                [
                  -5.354166666666663,
                  58.08958333333333
                ],
                [
                  -5.353124999999997,
                  58.08958333333333
                ],
                [
                  -5.353124999999997,
                  58.088541666666664
                ],
                [
                  -5.35833333333333,
                  58.088541666666664
                ],
                [
                  -5.35833333333333,
                  58.0875
                ],
                [
                  -5.357291666666663,
                  58.0875
                ],
                [
                  -5.357291666666663,
                  58.086458333333326
                ],
                [
                  -5.356249999999997,
                  58.086458333333326
                ],
                [
                  -5.356249999999997,
                  58.08541666666666
                ],
                [
                  -5.35520833333333,
                  58.08541666666666
                ],
                [
                  -5.35520833333333,
                  58.084374999999994
                ],
                [
                  -5.356249999999997,
                  58.084374999999994
                ],
                [
                  -5.356249999999997,
                  58.08333333333333
                ],
                [
                  -5.357291666666663,
                  58.08333333333333
                ],
                [
                  -5.357291666666663,
                  58.08229166666666
                ],
                [
                  -5.36145833333333,
                  58.08229166666666
                ],
                [
                  -5.36145833333333,
                  58.08333333333333
                ],
                [
                  -5.362499999999996,
                  58.08333333333333
                ],
                [
                  -5.362499999999996,
                  58.084374999999994
                ],
                [
                  -5.363541666666663,
                  58.084374999999994
                ],
                [
                  -5.363541666666663,
                  58.08541666666666
                ],
                [
                  -5.36458333333333,
                  58.08541666666666
                ],
                [
                  -5.36458333333333,
                  58.086458333333326
                ],
                [
                  -5.366666666666664,
                  58.086458333333326
                ],
                [
                  -5.366666666666664,
                  58.088541666666664
                ],
                [
                  -5.36770833333333,
                  58.088541666666664
                ],
                [
                  -5.36770833333333,
                  58.09166666666666
                ],
                [
                  -5.368749999999997,
                  58.09166666666666
                ],
                [
                  -5.368749999999997,
                  58.09270833333333
                ],
                [
                  -5.36770833333333,
                  58.09270833333333
                ],
                [
                  -5.36770833333333,
                  58.09374999999999
                ],
                [
                  -5.369791666666663,
                  58.09374999999999
                ],
                [
                  -5.369791666666663,
                  58.094791666666666
                ],
                [
                  -5.371874999999997,
                  58.094791666666666
                ],
                [
                  -5.371874999999997,
                  58.09583333333333
                ],
                [
                  -5.372916666666663,
                  58.09583333333333
                ],
                [
                  -5.372916666666663,
                  58.096875
                ],
                [
                  -5.37708333333333,
                  58.096875
                ],
                [
                  -5.37708333333333,
                  58.09791666666666
                ],
                [
                  -5.38020833333333,
                  58.09791666666666
                ],
                [
                  -5.38020833333333,
                  58.09895833333333
                ],
                [
                  -5.38333333333333,
                  58.09895833333333
                ],
                [
                  -5.38333333333333,
                  58.099999999999994
                ],
                [
                  -5.384374999999997,
                  58.099999999999994
                ],
                [
                  -5.384374999999997,
                  58.1
                ],
                [
                  -5.331249999999996,
                  58.1
                ],
                [
                  -5.331249999999996,
                  58.099999999999994
                ],
                [
                  -5.329166666666663,
                  58.099999999999994
                ],
                [
                  -5.329166666666663,
                  58.09895833333333
                ],
                [
                  -5.3281249999999964,
                  58.09895833333333
                ],
                [
                  -5.3281249999999964,
                  58.099999999999994
                ],
                [
                  -5.326041666666663,
                  58.099999999999994
                ],
                [
                  -5.326041666666663,
                  58.1
                ],
                [
                  -5.324999999999997,
                  58.1
                ],
                [
                  -5.324999999999997,
                  58.099999999999994
                ],
                [
                  -5.321874999999997,
                  58.099999999999994
                ],
                [
                  -5.321874999999997,
                  58.09895833333333
                ],
                [
                  -5.31770833333333,
                  58.09895833333333
                ],
                [
                  -5.31770833333333,
                  58.1
                ],
                [
                  -5.31458333333333,
                  58.1
                ],
                [
                  -5.31458333333333,
                  58.09895833333333
                ],
                [
                  -5.313541666666663,
                  58.09895833333333
                ],
                [
                  -5.313541666666663,
                  58.09791666666666
                ],
                [
                  -5.3124999999999964,
                  58.09791666666666
                ],
                [
                  -5.3124999999999964,
                  58.096875
                ],
                [
                  -5.31145833333333,
                  58.096875
                ],
                [
                  -5.31145833333333,
                  58.09583333333333
                ],
                [
                  -5.304166666666664,
                  58.09583333333333
                ],
                [
                  -5.304166666666664,
                  58.094791666666666
                ],
                [
                  -5.30208333333333,
                  58.094791666666666
                ],
                [
                  -5.30208333333333,
                  58.09374999999999
                ],
                [
                  -5.304166666666664,
                  58.09374999999999
                ],
                [
                  -5.304166666666664,
                  58.088541666666664
                ],
                [
                  -5.306249999999997,
                  58.088541666666664
                ]
              ],
              [
                [
                  -5.35833333333333,
                  58.09583333333333
                ],
                [
                  -5.35833333333333,
                  58.096875
                ],
                [
                  -5.360416666666663,
                  58.096875
                ],
                [
                  -5.360416666666663,
                  58.09583333333333
                ],
                [
                  -5.36145833333333,
                  58.09583333333333
                ],
                [
                  -5.36145833333333,
                  58.094791666666666
                ],
                [
                  -5.360416666666663,
                  58.094791666666666
                ],
                [
                  -5.360416666666663,
                  58.09270833333333
                ],
                [
                  -5.35833333333333,
                  58.09270833333333
                ],
                [
                  -5.35833333333333,
                  58.09374999999999
                ],
                [
                  -5.356249999999997,
                  58.09374999999999
                ],
                [
                  -5.356249999999997,
                  58.09583333333333
                ],
                [
                  -5.35833333333333,
                  58.09583333333333
                ]
              ],
              [
                [
                  -5.33333333333333,
                  58.09374999999999
                ],
                [
                  -5.331249999999996,
                  58.09374999999999
                ],
                [
                  -5.331249999999996,
                  58.094791666666666
                ],
                [
                  -5.33333333333333,
                  58.094791666666666
                ],
                [
                  -5.33333333333333,
                  58.09374999999999
                ]
              ]
            ]
          },
          {
            "type": "Polygon",
            "coordinates": [
              [
                [
                  -5.309374999999997,
                  58.09791666666666
                ],
                [
                  -5.309374999999997,
                  58.09895833333333
                ],
                [
                  -5.31145833333333,
                  58.09895833333333
                ],
                [
                  -5.31145833333333,
                  58.099999999999994
                ],
                [
                  -5.30833333333333,
                  58.099999999999994
                ],
                [
                  -5.30833333333333,
                  58.09895833333333
                ],
                [
                  -5.303124999999997,
                  58.09895833333333
                ],
                [
                  -5.303124999999997,
                  58.09791666666666
                ],
                [
                  -5.309374999999997,
                  58.09791666666666
                ]
              ]
            ]
          }
        ]
      },
      "properties": {
        "role": "deepwater_reference",
        "selection": "coarse depth >50 m outside reporting",
        "source": "/Users/andrei/oceanstream/sd-data-ingest/.cache/coastal/bathy/summer_isles/emodnet_mean_depth.tif",
        "reflectance_inspected_for_selection": false,
        "is_provisional": true
      }
    }
  ]
}
