{
  "type": "FeatureCollection",
  "features": [
    {
      "type": "Feature",
      "geometry": {
        "type": "MultiPolygon",
        "coordinates": [
          [
            [
              [
                -5.489583333,
                57.972916667
              ],
              [
                -5.488541667,
                57.972916667
              ],
              [
                -5.488541667,
                57.971875
              ],
              [
                -5.489583333,
                57.971875
              ],
              [
                -5.489583333,
                57.972916667
              ]
            ]
          ],
          [
            [
              [
                -5.4875,
                57.978125
              ],
              [
                -5.4875,
                57.977083333
              ],
              [
                -5.488541667,
                57.977083333
              ],
              [
                -5.488541667,
                57.978125
              ],
              [
                -5.4875,
                57.978125
              ]
            ]
          ],
          [
            [
              [
                -5.476041667,
                57.982291667
              ],
              [
                -5.476041667,
                57.98125
              ],
              [
                -5.477083333,
                57.98125
              ],
              [
                -5.477083333,
                57.982291667
              ],
              [
                -5.476041667,
                57.982291667
              ]
            ]
          ],
          [
            [
              [
                -5.4875,
                57.982291667
              ],
              [
                -5.4875,
                57.983333333
              ],
              [
                -5.486458333,
                57.983333333
              ],
              [
                -5.486458333,
                57.982291667
              ],
              [
                -5.4875,
                57.982291667
              ]
            ]
          ],
          [
            [
              [
                -5.484375,
                57.983333333
              ],
              [
                -5.486458333,
                57.983333333
              ],
              [
                -5.486458333,
                57.984375
              ],
              [
                -5.484375,
                57.984375
              ],
              [
                -5.484375,
                57.983333333
              ]
            ]
          ],
          [
            [
              [
                -5.490625,
                58.014583333
              ],
              [
                -5.490625,
                58.0125
              ],
              [
                -5.489583333,
                58.0125
              ],
              [
                -5.489583333,
                58.010416667
              ],
              [
                -5.490625,
                58.010416667
              ],
              [
                -5.490625,
                58.008333333
              ],
              [
                -5.489583333,
                58.008333333
              ],
              [
                -5.489583333,
                58.009375
              ],
              [
                -5.488541667,
                58.009375
              ],
              [
                -5.488541667,
                58.008333333
              ],
              [
                -5.484375,
                58.008333333
              ],
              [
                -5.484375,
                58.007291667
              ],
              [
                -5.483333333,
                58.007291667
              ],
              [
                -5.483333333,
                58.003125
              ],
              [
                -5.484375,
                58.003125
              ],
              [
                -5.484375,
                58.002083333
              ],
              [
                -5.488541667,
                58.002083333
              ],
              [
                -5.488541667,
                58.003125
              ],
              [
                -5.490625,
                58.003125
              ],
              [
                -5.490625,
                58.002083333
              ],
              [
                -5.491666667,
                58.002083333
              ],
              [
                -5.491666667,
                58.00625
              ],
              [
                -5.49375,
                58.00625
              ],
              [
                -5.49375,
                58.011458333
              ],
              [
                -5.492708333,
                58.011458333
              ],
              [
                -5.492708333,
                58.013541667
              ],
              [
                -5.491666667,
                58.013541667
              ],
              [
                -5.491666667,
                58.014583333
              ],
              [
                -5.490625,
                58.014583333
              ]
            ],
            [
              [
                -5.491666667,
                58.0125
              ],
              [
                -5.491666667,
                58.011458333
              ],
              [
                -5.490625,
                58.011458333
              ],
              [
                -5.490625,
                58.0125
              ],
              [
                -5.491666667,
                58.0125
              ]
            ]
          ],
          [
            [
              [
                -5.490625,
                58.01875
              ],
              [
                -5.489583333,
                58.01875
              ],
              [
                -5.489583333,
                58.017708333
              ],
              [
                -5.490625,
                58.017708333
              ],
              [
                -5.490625,
                58.016666667
              ],
              [
                -5.489583333,
                58.016666667
              ],
              [
                -5.489583333,
                58.014583333
              ],
              [
                -5.490625,
                58.014583333
              ],
              [
                -5.490625,
                58.015625
              ],
              [
                -5.491666667,
                58.015625
              ],
              [
                -5.491666667,
                58.014583333
              ],
              [
                -5.49375,
                58.014583333
              ],
              [
                -5.49375,
                58.013541667
              ],
              [
                -5.494791667,
                58.013541667
              ],
              [
                -5.494791667,
                58.0125
              ],
              [
                -5.495833333,
                58.0125
              ],
              [
                -5.495833333,
                58.015625
              ],
              [
                -5.494791667,
                58.015625
              ],
              [
                -5.494791667,
                58.016666667
              ],
              [
                -5.49375,
                58.016666667
              ],
              [
                -5.49375,
                58.01875
              ],
              [
                -5.492708333,
                58.01875
              ],
              [
                -5.492708333,
                58.019791667
              ],
              [
                -5.490625,
                58.019791667
              ],
              [
                -5.490625,
                58.01875
              ]
            ],
            [
              [
                -5.492708333,
                58.017708333
              ],
              [
                -5.491666667,
                58.017708333
              ],
              [
                -5.491666667,
                58.01875
              ],
              [
                -5.492708333,
                58.01875
              ],
              [
                -5.492708333,
                58.017708333
              ]
            ]
          ],
          [
            [
              [
                -5.489583333,
                58.017708333
              ],
              [
                -5.488541667,
                58.017708333
              ],
              [
                -5.488541667,
                58.016666667
              ],
              [
                -5.489583333,
                58.016666667
              ],
              [
                -5.489583333,
                58.017708333
              ]
            ]
          ],
          [
            [
              [
                -5.496875,
                58.023958333
              ],
              [
                -5.496875,
                58.026041667
              ],
              [
                -5.495833333,
                58.026041667
              ],
              [
                -5.495833333,
                58.023958333
              ],
              [
                -5.496875,
                58.023958333
              ]
            ]
          ],
          [
            [
              [
                -5.491666667,
                58.030208333
              ],
              [
                -5.492708333,
                58.030208333
              ],
              [
                -5.492708333,
                58.03125
              ],
              [
                -5.491666667,
                58.03125
              ],
              [
                -5.491666667,
                58.030208333
              ]
            ]
          ],
          [
            [
              [
                -5.485416667,
                58.057291667
              ],
              [
                -5.485416667,
                58.05625
              ],
              [
                -5.486458333,
                58.05625
              ],
              [
                -5.486458333,
                58.057291667
              ],
              [
                -5.485416667,
                58.057291667
              ]
            ]
          ],
          [
            [
              [
                -5.484375,
                58.057291667
              ],
              [
                -5.485416667,
                58.057291667
              ],
              [
                -5.485416667,
                58.058333333
              ],
              [
                -5.484375,
                58.058333333
              ],
              [
                -5.484375,
                58.057291667
              ]
            ]
          ],
          [
            [
              [
                -5.480208333,
                58.057291667
              ],
              [
                -5.482291667,
                58.057291667
              ],
              [
                -5.482291667,
                58.058333333
              ],
              [
                -5.480208333,
                58.058333333
              ],
              [
                -5.480208333,
                58.057291667
              ]
            ]
          ],
          [
            [
              [
                -5.467708333,
                58.091666667
              ],
              [
                -5.465625,
                58.091666667
              ],
              [
                -5.465625,
                58.0875
              ],
              [
                -5.466666667,
                58.0875
              ],
              [
                -5.466666667,
                58.085416667
              ],
              [
                -5.467708333,
                58.085416667
              ],
              [
                -5.467708333,
                58.084375
              ],
              [
                -5.46875,
                58.084375
              ],
              [
                -5.46875,
                58.08125
              ],
              [
                -5.469791667,
                58.08125
              ],
              [
                -5.469791667,
                58.080208333
              ],
              [
                -5.472916667,
                58.080208333
              ],
              [
                -5.472916667,
                58.079166667
              ],
              [
                -5.473958333,
                58.079166667
              ],
              [
                -5.473958333,
                58.078125
              ],
              [
                -5.475,
                58.078125
              ],
              [
                -5.475,
                58.077083333
              ],
              [
                -5.477083333,
                58.077083333
              ],
              [
                -5.477083333,
                58.076041667
              ],
              [
                -5.480208333,
                58.076041667
              ],
              [
                -5.480208333,
                58.075
              ],
              [
                -5.492708333,
                58.075
              ],
              [
                -5.492708333,
                58.076041667
              ],
              [
                -5.494791667,
                58.076041667
              ],
              [
                -5.494791667,
                58.077083333
              ],
              [
                -5.495833333,
                58.077083333
              ],
              [
                -5.495833333,
                58.076041667
              ],
              [
                -5.498958333,
                58.076041667
              ],
              [
                -5.498958333,
                58.072916667
              ],
              [
                -5.497916667,
                58.072916667
              ],
              [
                -5.497916667,
                58.070833333
              ],
              [
                -5.495833333,
                58.070833333
              ],
              [
                -5.495833333,
                58.071875
              ],
              [
                -5.49375,
                58.071875
              ],
              [
                -5.49375,
                58.070833333
              ],
              [
                -5.491666667,
                58.070833333
              ],
              [
                -5.491666667,
                58.069791667
              ],
              [
                -5.488541667,
                58.069791667
              ],
              [
                -5.488541667,
                58.06875
              ],
              [
                -5.485416667,
                58.06875
              ],
              [
                -5.485416667,
                58.067708333
              ],
              [
                -5.484375,
                58.067708333
              ],
              [
                -5.484375,
                58.065625
              ],
              [
                -5.483333333,
                58.065625
              ],
              [
                -5.483333333,
                58.0625
              ],
              [
                -5.484375,
                58.0625
              ],
              [
                -5.484375,
                58.061458333
              ],
              [
                -5.485416667,
                58.061458333
              ],
              [
                -5.485416667,
                58.058333333
              ],
              [
                -5.4875,
                58.058333333
              ],
              [
                -5.4875,
                58.05625
              ],
              [
                -5.486458333,
                58.05625
              ],
              [
                -5.486458333,
                58.054166667
              ],
              [
                -5.484375,
                58.054166667
              ],
              [
                -5.484375,
                58.052083333
              ],
              [
                -5.485416667,
                58.052083333
              ],
              [
                -5.485416667,
                58.05
              ],
              [
                -5.483333333,
                58.05
              ],
              [
                -5.483333333,
                58.048958333
              ],
              [
                -5.484375,
                58.048958333
              ],
              [
                -5.484375,
                58.045833333
              ],
              [
                -5.485416667,
                58.045833333
              ],
              [
                -5.485416667,
                58.046875
              ],
              [
                -5.486458333,
                58.046875
              ],
              [
                -5.486458333,
                58.045833333
              ],
              [
                -5.4875,
                58.045833333
              ],
              [
                -5.4875,
                58.048958333
              ],
              [
                -5.488541667,
                58.048958333
              ],
              [
                -5.488541667,
                58.046875
              ],
              [
                -5.489583333,
                58.046875
              ],
              [
                -5.489583333,
                58.044791667
              ],
              [
                -5.490625,
                58.044791667
              ],
              [
                -5.490625,
                58.04375
              ],
              [
                -5.488541667,
                58.04375
              ],
              [
                -5.488541667,
                58.042708333
              ],
              [
                -5.489583333,
                58.042708333
              ],
              [
                -5.489583333,
                58.040625
              ],
              [
                -5.488541667,
                58.040625
              ],
              [
                -5.488541667,
                58.039583333
              ],
              [
                -5.489583333,
                58.039583333
              ],
              [
                -5.489583333,
                58.034375
              ],
              [
                -5.490625,
                58.034375
              ],
              [
                -5.490625,
                58.033333333
              ],
              [
                -5.491666667,
                58.033333333
              ],
              [
                -5.491666667,
                58.032291667
              ],
              [
                -5.492708333,
                58.032291667
              ],
              [
                -5.492708333,
                58.03125
              ],
              [
                -5.49375,
                58.03125
              ],
              [
                -5.49375,
                58.030208333
              ],
              [
                -5.492708333,
                58.030208333
              ],
              [
                -5.492708333,
                58.029166667
              ],
              [
                -5.494791667,
                58.029166667
              ],
              [
                -5.494791667,
                58.028125
              ],
              [
                -5.496875,
                58.028125
              ],
              [
                -5.496875,
                58.027083333
              ],
              [
                -5.497916667,
                58.027083333
              ],
              [
                -5.497916667,
                58.022916667
              ],
              [
                -5.498958333,
                58.022916667
              ],
              [
                -5.498958333,
                58.023958333
              ],
              [
                -5.5,
                58.023958333
              ],
              [
                -5.5,
                58.025
              ],
              [
                -5.5,
                58.026041667
              ],
              [
                -5.5,
                58.1
              ],
              [
                -5.491666667,
                58.1
              ],
              [
                -5.491666667,
                58.097916667
              ],
              [
                -5.490625,
                58.097916667
              ],
              [
                -5.490625,
                58.1
              ],
              [
                -5.480208333,
                58.1
              ],
              [
                -5.480208333,
                58.098958333
              ],
              [
                -5.482291667,
                58.098958333
              ],
              [
                -5.482291667,
                58.097916667
              ],
              [
                -5.483333333,
                58.097916667
              ],
              [
                -5.483333333,
                58.098958333
              ],
              [
                -5.486458333,
                58.098958333
              ],
              [
                -5.486458333,
                58.095833333
              ],
              [
                -5.4875,
                58.095833333
              ],
              [
                -5.4875,
                58.094791667
              ],
              [
                -5.485416667,
                58.094791667
              ],
              [
                -5.485416667,
                58.095833333
              ],
              [
                -5.483333333,
                58.095833333
              ],
              [
                -5.483333333,
                58.09375
              ],
              [
                -5.482291667,
                58.09375
              ],
              [
                -5.482291667,
                58.092708333
              ],
              [
                -5.476041667,
                58.092708333
              ],
              [
                -5.476041667,
                58.091666667
              ],
              [
                -5.46875,
                58.091666667
              ],
              [
                -5.46875,
                58.092708333
              ],
              [
                -5.467708333,
                58.092708333
              ],
              [
                -5.467708333,
                58.091666667
              ]
            ],
            [
              [
                -5.486458333,
                58.05
              ],
              [
                -5.486458333,
                58.048958333
              ],
              [
                -5.485416667,
                58.048958333
              ],
              [
                -5.485416667,
                58.05
              ],
              [
                -5.486458333,
                58.05
              ]
            ],
            [
              [
                -5.491666667,
                58.096875
              ],
              [
                -5.491666667,
                58.095833333
              ],
              [
                -5.490625,
                58.095833333
              ],
              [
                -5.490625,
                58.096875
              ],
              [
                -5.491666667,
                58.096875
              ]
            ],
            [
              [
                -5.484375,
                58.086458333
              ],
              [
                -5.484375,
                58.085416667
              ],
              [
                -5.483333333,
                58.085416667
              ],
              [
                -5.483333333,
                58.086458333
              ],
              [
                -5.484375,
                58.086458333
              ]
            ],
            [
              [
                -5.477083333,
                58.083333333
              ],
              [
                -5.477083333,
                58.082291667
              ],
              [
                -5.475,
                58.082291667
              ],
              [
                -5.475,
                58.083333333
              ],
              [
                -5.477083333,
                58.083333333
              ]
            ],
            [
              [
                -5.488541667,
                58.080208333
              ],
              [
                -5.488541667,
                58.077083333
              ],
              [
                -5.48125,
                58.077083333
              ],
              [
                -5.48125,
                58.079166667
              ],
              [
                -5.482291667,
                58.079166667
              ],
              [
                -5.482291667,
                58.080208333
              ],
              [
                -5.483333333,
                58.080208333
              ],
              [
                -5.483333333,
                58.082291667
              ],
              [
                -5.486458333,
                58.082291667
              ],
              [
                -5.486458333,
                58.08125
              ],
              [
                -5.4875,
                58.08125
              ],
              [
                -5.4875,
                58.080208333
              ],
              [
                -5.488541667,
                58.080208333
              ]
            ],
            [
              [
                -5.489583333,
                58.060416667
              ],
              [
                -5.489583333,
                58.059375
              ],
              [
                -5.488541667,
                58.059375
              ],
              [
                -5.488541667,
                58.060416667
              ],
              [
                -5.489583333,
                58.060416667
              ]
            ]
          ],
          [
            [
              [
                -5.389583333,
                57.904166667
              ],
              [
                -5.389583333,
                57.905208333
              ],
              [
                -5.388541667,
                57.905208333
              ],
              [
                -5.388541667,
                57.904166667
              ],
              [
                -5.389583333,
                57.904166667
              ]
            ]
          ],
          [
            [
              [
                -5.427083333,
                57.90625
              ],
              [
                -5.427083333,
                57.905208333
              ],
              [
                -5.428125,
                57.905208333
              ],
              [
                -5.428125,
                57.90625
              ],
              [
                -5.427083333,
                57.90625
              ]
            ]
          ],
          [
            [
              [
                -5.40625,
                57.908333333
              ],
              [
                -5.40625,
                57.909375
              ],
              [
                -5.405208333,
                57.909375
              ],
              [
                -5.405208333,
                57.908333333
              ],
              [
                -5.40625,
                57.908333333
              ]
            ]
          ],
          [
            [
              [
                -5.373958333,
                57.933333333
              ],
              [
                -5.375,
                57.933333333
              ],
              [
                -5.375,
                57.934375
              ],
              [
                -5.373958333,
                57.934375
              ],
              [
                -5.373958333,
                57.933333333
              ]
            ]
          ],
          [
            [
              [
                -5.451041667,
                57.959375
              ],
              [
                -5.454166667,
                57.959375
              ],
              [
                -5.454166667,
                57.960416667
              ],
              [
                -5.451041667,
                57.960416667
              ],
              [
                -5.451041667,
                57.959375
              ]
            ]
          ],
          [
            [
              [
                -5.451041667,
                57.961458333
              ],
              [
                -5.45,
                57.961458333
              ],
              [
                -5.45,
                57.960416667
              ],
              [
                -5.451041667,
                57.960416667
              ],
              [
                -5.451041667,
                57.961458333
              ]
            ]
          ],
          [
            [
              [
                -5.464583333,
                57.9625
              ],
              [
                -5.464583333,
                57.963541667
              ],
              [
                -5.463541667,
                57.963541667
              ],
              [
                -5.463541667,
                57.9625
              ],
              [
                -5.464583333,
                57.9625
              ]
            ]
          ],
          [
            [
              [
                -5.455208333,
                57.970833333
              ],
              [
                -5.455208333,
                57.969791667
              ],
              [
                -5.45625,
                57.969791667
              ],
              [
                -5.45625,
                57.970833333
              ],
              [
                -5.455208333,
                57.970833333
              ]
            ]
          ],
          [
            [
              [
                -5.470833333,
                57.971875
              ],
              [
                -5.471875,
                57.971875
              ],
              [
                -5.471875,
                57.972916667
              ],
              [
                -5.470833333,
                57.972916667
              ],
              [
                -5.470833333,
                57.971875
              ]
            ]
          ],
          [
            [
              [
                -5.45625,
                57.971875
              ],
              [
                -5.457291667,
                57.971875
              ],
              [
                -5.457291667,
                57.972916667
              ],
              [
                -5.45625,
                57.972916667
              ],
              [
                -5.45625,
                57.971875
              ]
            ]
          ],
          [
            [
              [
                -5.458333333,
                57.972916667
              ],
              [
                -5.458333333,
                57.973958333
              ],
              [
                -5.457291667,
                57.973958333
              ],
              [
                -5.457291667,
                57.972916667
              ],
              [
                -5.458333333,
                57.972916667
              ]
            ]
          ],
          [
            [
              [
                -5.469791667,
                57.973958333
              ],
              [
                -5.470833333,
                57.973958333
              ],
              [
                -5.470833333,
                57.975
              ],
              [
                -5.469791667,
                57.975
              ],
              [
                -5.469791667,
                57.973958333
              ]
            ]
          ],
          [
            [
              [
                -5.475,
                57.978125
              ],
              [
                -5.475,
                57.975
              ],
              [
                -5.476041667,
                57.975
              ],
              [
                -5.476041667,
                57.978125
              ],
              [
                -5.475,
                57.978125
              ]
            ]
          ],
          [
            [
              [
                -5.476041667,
                57.980208333
              ],
              [
                -5.476041667,
                57.98125
              ],
              [
                -5.475,
                57.98125
              ],
              [
                -5.475,
                57.980208333
              ],
              [
                -5.476041667,
                57.980208333
              ]
            ]
          ],
          [
            [
              [
                -5.463541667,
                57.985416667
              ],
              [
                -5.463541667,
                57.986458333
              ],
              [
                -5.4625,
                57.986458333
              ],
              [
                -5.4625,
                57.985416667
              ],
              [
                -5.463541667,
                57.985416667
              ]
            ]
          ],
          [
            [
              [
                -5.370833333,
                57.901041667
              ],
              [
                -5.36875,
                57.901041667
              ],
              [
                -5.36875,
                57.902083333
              ],
              [
                -5.366666667,
                57.902083333
              ],
              [
                -5.366666667,
                57.901041667
              ],
              [
                -5.364583333,
                57.901041667
              ],
              [
                -5.364583333,
                57.902083333
              ],
              [
                -5.358333333,
                57.902083333
              ],
              [
                -5.358333333,
                57.901041667
              ],
              [
                -5.357291667,
                57.901041667
              ],
              [
                -5.357291667,
                57.902083333
              ],
              [
                -5.354166667,
                57.902083333
              ],
              [
                -5.354166667,
                57.901041667
              ],
              [
                -5.35,
                57.901041667
              ],
              [
                -5.35,
                57.9
              ],
              [
                -5.36875,
                57.9
              ],
              [
                -5.370833333,
                57.9
              ],
              [
                -5.370833333,
                57.901041667
              ]
            ]
          ],
          [
            [
              [
                -5.2125,
                57.9125
              ],
              [
                -5.2125,
                57.913541667
              ],
              [
                -5.213541667,
                57.913541667
              ],
              [
                -5.213541667,
                57.914583333
              ],
              [
                -5.209375,
                57.914583333
              ],
              [
                -5.209375,
                57.913541667
              ],
              [
                -5.207291667,
                57.913541667
              ],
              [
                -5.207291667,
                57.9125
              ],
              [
                -5.205208333,
                57.9125
              ],
              [
                -5.205208333,
                57.911458333
              ],
              [
                -5.203125,
                57.911458333
              ],
              [
                -5.203125,
                57.910416667
              ],
              [
                -5.202083333,
                57.910416667
              ],
              [
                -5.202083333,
                57.909375
              ],
              [
                -5.2,
                57.909375
              ],
              [
                -5.2,
                57.904166667
              ],
              [
                -5.202083333,
                57.904166667
              ],
              [
                -5.202083333,
                57.905208333
              ],
              [
                -5.204166667,
                57.905208333
              ],
              [
                -5.204166667,
                57.90625
              ],
              [
                -5.205208333,
                57.90625
              ],
              [
                -5.205208333,
                57.907291667
              ],
              [
                -5.208333333,
                57.907291667
              ],
              [
                -5.208333333,
                57.909375
              ],
              [
                -5.209375,
                57.909375
              ],
              [
                -5.209375,
                57.910416667
              ],
              [
                -5.210416667,
                57.910416667
              ],
              [
                -5.210416667,
                57.911458333
              ],
              [
                -5.211458333,
                57.911458333
              ],
              [
                -5.211458333,
                57.9125
              ],
              [
                -5.2125,
                57.9125
              ]
            ]
          ],
          [
            [
              [
                -5.335416667,
                57.928125
              ],
              [
                -5.335416667,
                57.929166667
              ],
              [
                -5.334375,
                57.929166667
              ],
              [
                -5.334375,
                57.928125
              ],
              [
                -5.335416667,
                57.928125
              ]
            ]
          ],
          [
            [
              [
                -5.372916667,
                57.932291667
              ],
              [
                -5.372916667,
                57.93125
              ],
              [
                -5.373958333,
                57.93125
              ],
              [
                -5.373958333,
                57.932291667
              ],
              [
                -5.372916667,
                57.932291667
              ]
            ]
          ],
          [
            [
              [
                -5.207291667,
                57.947916667
              ],
              [
                -5.208333333,
                57.947916667
              ],
              [
                -5.208333333,
                57.948958333
              ],
              [
                -5.207291667,
                57.948958333
              ],
              [
                -5.207291667,
                57.947916667
              ]
            ]
          ],
          [
            [
              [
                -5.269791667,
                57.946875
              ],
              [
                -5.269791667,
                57.945833333
              ],
              [
                -5.265625,
                57.945833333
              ],
              [
                -5.265625,
                57.944791667
              ],
              [
                -5.259375,
                57.944791667
              ],
              [
                -5.259375,
                57.94375
              ],
              [
                -5.255208333,
                57.94375
              ],
              [
                -5.255208333,
                57.942708333
              ],
              [
                -5.248958333,
                57.942708333
              ],
              [
                -5.248958333,
                57.941666667
              ],
              [
                -5.24375,
                57.941666667
              ],
              [
                -5.24375,
                57.940625
              ],
              [
                -5.238541667,
                57.940625
              ],
              [
                -5.238541667,
                57.939583333
              ],
              [
                -5.234375,
                57.939583333
              ],
              [
                -5.234375,
                57.938541667
              ],
              [
                -5.23125,
                57.938541667
              ],
              [
                -5.23125,
                57.9375
              ],
              [
                -5.229166667,
                57.9375
              ],
              [
                -5.229166667,
                57.936458333
              ],
              [
                -5.226041667,
                57.936458333
              ],
              [
                -5.226041667,
                57.935416667
              ],
              [
                -5.223958333,
                57.935416667
              ],
              [
                -5.223958333,
                57.934375
              ],
              [
                -5.222916667,
                57.934375
              ],
              [
                -5.222916667,
                57.932291667
              ],
              [
                -5.223958333,
                57.932291667
              ],
              [
                -5.223958333,
                57.93125
              ],
              [
                -5.23125,
                57.93125
              ],
              [
                -5.23125,
                57.929166667
              ],
              [
                -5.230208333,
                57.929166667
              ],
              [
                -5.230208333,
                57.928125
              ],
              [
                -5.232291667,
                57.928125
              ],
              [
                -5.232291667,
                57.927083333
              ],
              [
                -5.236458333,
                57.927083333
              ],
              [
                -5.236458333,
                57.928125
              ],
              [
                -5.240625,
                57.928125
              ],
              [
                -5.240625,
                57.929166667
              ],
              [
                -5.248958333,
                57.929166667
              ],
              [
                -5.248958333,
                57.930208333
              ],
              [
                -5.255208333,
                57.930208333
              ],
              [
                -5.255208333,
                57.93125
              ],
              [
                -5.260416667,
                57.93125
              ],
              [
                -5.260416667,
                57.933333333
              ],
              [
                -5.261458333,
                57.933333333
              ],
              [
                -5.261458333,
                57.934375
              ],
              [
                -5.2625,
                57.934375
              ],
              [
                -5.2625,
                57.935416667
              ],
              [
                -5.266666667,
                57.935416667
              ],
              [
                -5.266666667,
                57.936458333
              ],
              [
                -5.273958333,
                57.936458333
              ],
              [
                -5.273958333,
                57.9375
              ],
              [
                -5.278125,
                57.9375
              ],
              [
                -5.278125,
                57.938541667
              ],
              [
                -5.28125,
                57.938541667
              ],
              [
                -5.28125,
                57.9375
              ],
              [
                -5.285416667,
                57.9375
              ],
              [
                -5.285416667,
                57.936458333
              ],
              [
                -5.2875,
                57.936458333
              ],
              [
                -5.2875,
                57.935416667
              ],
              [
                -5.291666667,
                57.935416667
              ],
              [
                -5.291666667,
                57.934375
              ],
              [
                -5.290625,
                57.934375
              ],
              [
                -5.290625,
                57.933333333
              ],
              [
                -5.292708333,
                57.933333333
              ],
              [
                -5.292708333,
                57.932291667
              ],
              [
                -5.29375,
                57.932291667
              ],
              [
                -5.29375,
                57.93125
              ],
              [
                -5.294791667,
                57.93125
              ],
              [
                -5.294791667,
                57.929166667
              ],
              [
                -5.286458333,
                57.929166667
              ],
              [
                -5.286458333,
                57.930208333
              ],
              [
                -5.276041667,
                57.930208333
              ],
              [
                -5.276041667,
                57.929166667
              ],
              [
                -5.272916667,
                57.929166667
              ],
              [
                -5.272916667,
                57.928125
              ],
              [
                -5.270833333,
                57.928125
              ],
              [
                -5.270833333,
                57.927083333
              ],
              [
                -5.271875,
                57.927083333
              ],
              [
                -5.271875,
                57.926041667
              ],
              [
                -5.279166667,
                57.926041667
              ],
              [
                -5.279166667,
                57.925
              ],
              [
                -5.282291667,
                57.925
              ],
              [
                -5.282291667,
                57.923958333
              ],
              [
                -5.284375,
                57.923958333
              ],
              [
                -5.284375,
                57.922916667
              ],
              [
                -5.279166667,
                57.922916667
              ],
              [
                -5.279166667,
                57.921875
              ],
              [
                -5.273958333,
                57.921875
              ],
              [
                -5.273958333,
                57.922916667
              ],
              [
                -5.271875,
                57.922916667
              ],
              [
                -5.271875,
                57.923958333
              ],
              [
                -5.26875,
                57.923958333
              ],
              [
                -5.26875,
                57.925
              ],
              [
                -5.267708333,
                57.925
              ],
              [
                -5.267708333,
                57.926041667
              ],
              [
                -5.264583333,
                57.926041667
              ],
              [
                -5.264583333,
                57.927083333
              ],
              [
                -5.2625,
                57.927083333
              ],
              [
                -5.2625,
                57.926041667
              ],
              [
                -5.254166667,
                57.926041667
              ],
              [
                -5.254166667,
                57.925
              ],
              [
                -5.246875,
                57.925
              ],
              [
                -5.246875,
                57.923958333
              ],
              [
                -5.239583333,
                57.923958333
              ],
              [
                -5.239583333,
                57.922916667
              ],
              [
                -5.236458333,
                57.922916667
              ],
              [
                -5.236458333,
                57.923958333
              ],
              [
                -5.23125,
                57.923958333
              ],
              [
                -5.23125,
                57.922916667
              ],
              [
                -5.229166667,
                57.922916667
              ],
              [
                -5.229166667,
                57.923958333
              ],
              [
                -5.228125,
                57.923958333
              ],
              [
                -5.228125,
                57.922916667
              ],
              [
                -5.226041667,
                57.922916667
              ],
              [
                -5.226041667,
                57.920833333
              ],
              [
                -5.225,
                57.920833333
              ],
              [
                -5.225,
                57.919791667
              ],
              [
                -5.222916667,
                57.919791667
              ],
              [
                -5.222916667,
                57.91875
              ],
              [
                -5.221875,
                57.91875
              ],
              [
                -5.221875,
                57.917708333
              ],
              [
                -5.217708333,
                57.917708333
              ],
              [
                -5.217708333,
                57.916666667
              ],
              [
                -5.215625,
                57.916666667
              ],
              [
                -5.215625,
                57.915625
              ],
              [
                -5.213541667,
                57.915625
              ],
              [
                -5.213541667,
                57.914583333
              ],
              [
                -5.214583333,
                57.914583333
              ],
              [
                -5.214583333,
                57.913541667
              ],
              [
                -5.21875,
                57.913541667
              ],
              [
                -5.21875,
                57.914583333
              ],
              [
                -5.222916667,
                57.914583333
              ],
              [
                -5.222916667,
                57.915625
              ],
              [
                -5.226041667,
                57.915625
              ],
              [
                -5.226041667,
                57.916666667
              ],
              [
                -5.228125,
                57.916666667
              ],
              [
                -5.228125,
                57.917708333
              ],
              [
                -5.230208333,
                57.917708333
              ],
              [
                -5.230208333,
                57.916666667
              ],
              [
                -5.23125,
                57.916666667
              ],
              [
                -5.23125,
                57.914583333
              ],
              [
                -5.232291667,
                57.914583333
              ],
              [
                -5.232291667,
                57.916666667
              ],
              [
                -5.233333333,
                57.916666667
              ],
              [
                -5.233333333,
                57.917708333
              ],
              [
                -5.234375,
                57.917708333
              ],
              [
                -5.234375,
                57.91875
              ],
              [
                -5.235416667,
                57.91875
              ],
              [
                -5.235416667,
                57.919791667
              ],
              [
                -5.246875,
                57.919791667
              ],
              [
                -5.246875,
                57.91875
              ],
              [
                -5.260416667,
                57.91875
              ],
              [
                -5.260416667,
                57.917708333
              ],
              [
                -5.26875,
                57.917708333
              ],
              [
                -5.26875,
                57.916666667
              ],
              [
                -5.272916667,
                57.916666667
              ],
              [
                -5.272916667,
                57.915625
              ],
              [
                -5.275,
                57.915625
              ],
              [
                -5.275,
                57.914583333
              ],
              [
                -5.277083333,
                57.914583333
              ],
              [
                -5.277083333,
                57.913541667
              ],
              [
                -5.289583333,
                57.913541667
              ],
              [
                -5.289583333,
                57.914583333
              ],
              [
                -5.290625,
                57.914583333
              ],
              [
                -5.290625,
                57.915625
              ],
              [
                -5.292708333,
                57.915625
              ],
              [
                -5.292708333,
                57.914583333
              ],
              [
                -5.295833333,
                57.914583333
              ],
              [
                -5.295833333,
                57.913541667
              ],
              [
                -5.3,
                57.913541667
              ],
              [
                -5.3,
                57.914583333
              ],
              [
                -5.301041667,
                57.914583333
              ],
              [
                -5.301041667,
                57.915625
              ],
              [
                -5.302083333,
                57.915625
              ],
              [
                -5.302083333,
                57.916666667
              ],
              [
                -5.305208333,
                57.916666667
              ],
              [
                -5.305208333,
                57.917708333
              ],
              [
                -5.307291667,
                57.917708333
              ],
              [
                -5.307291667,
                57.91875
              ],
              [
                -5.309375,
                57.91875
              ],
              [
                -5.309375,
                57.917708333
              ],
              [
                -5.311458333,
                57.917708333
              ],
              [
                -5.311458333,
                57.916666667
              ],
              [
                -5.313541667,
                57.916666667
              ],
              [
                -5.313541667,
                57.915625
              ],
              [
                -5.315625,
                57.915625
              ],
              [
                -5.315625,
                57.914583333
              ],
              [
                -5.317708333,
                57.914583333
              ],
              [
                -5.317708333,
                57.915625
              ],
              [
                -5.31875,
                57.915625
              ],
              [
                -5.31875,
                57.916666667
              ],
              [
                -5.319791667,
                57.916666667
              ],
              [
                -5.319791667,
                57.917708333
              ],
              [
                -5.321875,
                57.917708333
              ],
              [
                -5.321875,
                57.91875
              ],
              [
                -5.325,
                57.91875
              ],
              [
                -5.325,
                57.919791667
              ],
              [
                -5.326041667,
                57.919791667
              ],
              [
                -5.326041667,
                57.920833333
              ],
              [
                -5.325,
                57.920833333
              ],
              [
                -5.325,
                57.922916667
              ],
              [
                -5.323958333,
                57.922916667
              ],
              [
                -5.323958333,
                57.923958333
              ],
              [
                -5.326041667,
                57.923958333
              ],
              [
                -5.326041667,
                57.922916667
              ],
              [
                -5.327083333,
                57.922916667
              ],
              [
                -5.327083333,
                57.926041667
              ],
              [
                -5.33125,
                57.926041667
              ],
              [
                -5.33125,
                57.927083333
              ],
              [
                -5.329166667,
                57.927083333
              ],
              [
                -5.329166667,
                57.928125
              ],
              [
                -5.330208333,
                57.928125
              ],
              [
                -5.330208333,
                57.929166667
              ],
              [
                -5.33125,
                57.929166667
              ],
              [
                -5.33125,
                57.930208333
              ],
              [
                -5.332291667,
                57.930208333
              ],
              [
                -5.332291667,
                57.93125
              ],
              [
                -5.333333333,
                57.93125
              ],
              [
                -5.333333333,
                57.932291667
              ],
              [
                -5.336458333,
                57.932291667
              ],
              [
                -5.336458333,
                57.933333333
              ],
              [
                -5.3375,
                57.933333333
              ],
              [
                -5.3375,
                57.934375
              ],
              [
                -5.339583333,
                57.934375
              ],
              [
                -5.339583333,
                57.936458333
              ],
              [
                -5.340625,
                57.936458333
              ],
              [
                -5.340625,
                57.9375
              ],
              [
                -5.346875,
                57.9375
              ],
              [
                -5.346875,
                57.938541667
              ],
              [
                -5.347916667,
                57.938541667
              ],
              [
                -5.347916667,
                57.940625
              ],
              [
                -5.354166667,
                57.940625
              ],
              [
                -5.354166667,
                57.941666667
              ],
              [
                -5.355208333,
                57.941666667
              ],
              [
                -5.355208333,
                57.942708333
              ],
              [
                -5.357291667,
                57.942708333
              ],
              [
                -5.357291667,
                57.94375
              ],
              [
                -5.359375,
                57.94375
              ],
              [
                -5.359375,
                57.944791667
              ],
              [
                -5.3625,
                57.944791667
              ],
              [
                -5.3625,
                57.945833333
              ],
              [
                -5.364583333,
                57.945833333
              ],
              [
                -5.364583333,
                57.944791667
              ],
              [
                -5.365625,
                57.944791667
              ],
              [
                -5.365625,
                57.941666667
              ],
              [
                -5.366666667,
                57.941666667
              ],
              [
                -5.366666667,
                57.940625
              ],
              [
                -5.36875,
                57.940625
              ],
              [
                -5.36875,
                57.939583333
              ],
              [
                -5.373958333,
                57.939583333
              ],
              [
                -5.373958333,
                57.938541667
              ],
              [
                -5.376041667,
                57.938541667
              ],
              [
                -5.376041667,
                57.9375
              ],
              [
                -5.380208333,
                57.9375
              ],
              [
                -5.380208333,
                57.938541667
              ],
              [
                -5.382291667,
                57.938541667
              ],
              [
                -5.382291667,
                57.9375
              ],
              [
                -5.383333333,
                57.9375
              ],
              [
                -5.383333333,
                57.935416667
              ],
              [
                -5.384375,
                57.935416667
              ],
              [
                -5.384375,
                57.934375
              ],
              [
                -5.385416667,
                57.934375
              ],
              [
                -5.385416667,
                57.933333333
              ],
              [
                -5.388541667,
                57.933333333
              ],
              [
                -5.388541667,
                57.934375
              ],
              [
                -5.390625,
                57.934375
              ],
              [
                -5.390625,
                57.935416667
              ],
              [
                -5.391666667,
                57.935416667
              ],
              [
                -5.391666667,
                57.936458333
              ],
              [
                -5.397916667,
                57.936458333
              ],
              [
                -5.397916667,
                57.9375
              ],
              [
                -5.409375,
                57.9375
              ],
              [
                -5.409375,
                57.936458333
              ],
              [
                -5.410416667,
                57.936458333
              ],
              [
                -5.410416667,
                57.934375
              ],
              [
                -5.411458333,
                57.934375
              ],
              [
                -5.411458333,
                57.933333333
              ],
              [
                -5.4125,
                57.933333333
              ],
              [
                -5.4125,
                57.932291667
              ],
              [
                -5.416666667,
                57.932291667
              ],
              [
                -5.416666667,
                57.933333333
              ],
              [
                -5.41875,
                57.933333333
              ],
              [
                -5.41875,
                57.934375
              ],
              [
                -5.427083333,
                57.934375
              ],
              [
                -5.427083333,
                57.933333333
              ],
              [
                -5.428125,
                57.933333333
              ],
              [
                -5.428125,
                57.93125
              ],
              [
                -5.426041667,
                57.93125
              ],
              [
                -5.426041667,
                57.930208333
              ],
              [
                -5.423958333,
                57.930208333
              ],
              [
                -5.423958333,
                57.929166667
              ],
              [
                -5.420833333,
                57.929166667
              ],
              [
                -5.420833333,
                57.928125
              ],
              [
                -5.419791667,
                57.928125
              ],
              [
                -5.419791667,
                57.927083333
              ],
              [
                -5.420833333,
                57.927083333
              ],
              [
                -5.420833333,
                57.926041667
              ],
              [
                -5.427083333,
                57.926041667
              ],
              [
                -5.427083333,
                57.925
              ],
              [
                -5.433333333,
                57.925
              ],
              [
                -5.433333333,
                57.923958333
              ],
              [
                -5.435416667,
                57.923958333
              ],
              [
                -5.435416667,
                57.922916667
              ],
              [
                -5.434375,
                57.922916667
              ],
              [
                -5.434375,
                57.921875
              ],
              [
                -5.433333333,
                57.921875
              ],
              [
                -5.433333333,
                57.920833333
              ],
              [
                -5.429166667,
                57.920833333
              ],
              [
                -5.429166667,
                57.919791667
              ],
              [
                -5.427083333,
                57.919791667
              ],
              [
                -5.427083333,
                57.920833333
              ],
              [
                -5.4125,
                57.920833333
              ],
              [
                -5.4125,
                57.919791667
              ],
              [
                -5.407291667,
                57.919791667
              ],
              [
                -5.407291667,
                57.916666667
              ],
              [
                -5.40625,
                57.916666667
              ],
              [
                -5.40625,
                57.914583333
              ],
              [
                -5.405208333,
                57.914583333
              ],
              [
                -5.405208333,
                57.913541667
              ],
              [
                -5.404166667,
                57.913541667
              ],
              [
                -5.404166667,
                57.9125
              ],
              [
                -5.405208333,
                57.9125
              ],
              [
                -5.405208333,
                57.911458333
              ],
              [
                -5.407291667,
                57.911458333
              ],
              [
                -5.407291667,
                57.9125
              ],
              [
                -5.409375,
                57.9125
              ],
              [
                -5.409375,
                57.913541667
              ],
              [
                -5.414583333,
                57.913541667
              ],
              [
                -5.414583333,
                57.914583333
              ],
              [
                -5.421875,
                57.914583333
              ],
              [
                -5.421875,
                57.913541667
              ],
              [
                -5.426041667,
                57.913541667
              ],
              [
                -5.426041667,
                57.9125
              ],
              [
                -5.428125,
                57.9125
              ],
              [
                -5.428125,
                57.910416667
              ],
              [
                -5.429166667,
                57.910416667
              ],
              [
                -5.429166667,
                57.907291667
              ],
              [
                -5.430208333,
                57.907291667
              ],
              [
                -5.430208333,
                57.90625
              ],
              [
                -5.433333333,
                57.90625
              ],
              [
                -5.433333333,
                57.905208333
              ],
              [
                -5.436458333,
                57.905208333
              ],
              [
                -5.436458333,
                57.904166667
              ],
              [
                -5.438541667,
                57.904166667
              ],
              [
                -5.438541667,
                57.905208333
              ],
              [
                -5.440625,
                57.905208333
              ],
              [
                -5.440625,
                57.907291667
              ],
              [
                -5.446875,
                57.907291667
              ],
              [
                -5.446875,
                57.908333333
              ],
              [
                -5.461458333,
                57.908333333
              ],
              [
                -5.461458333,
                57.909375
              ],
              [
                -5.471875,
                57.909375
              ],
              [
                -5.471875,
                57.908333333
              ],
              [
                -5.484375,
                57.908333333
              ],
              [
                -5.484375,
                57.909375
              ],
              [
                -5.494791667,
                57.909375
              ],
              [
                -5.494791667,
                57.910416667
              ],
              [
                -5.5,
                57.910416667
              ],
              [
                -5.5,
                57.938541667
              ],
              [
                -5.4875,
                57.938541667
              ],
              [
                -5.4875,
                57.9375
              ],
              [
                -5.475,
                57.9375
              ],
              [
                -5.475,
                57.938541667
              ],
              [
                -5.472916667,
                57.938541667
              ],
              [
                -5.472916667,
                57.939583333
              ],
              [
                -5.469791667,
                57.939583333
              ],
              [
                -5.469791667,
                57.941666667
              ],
              [
                -5.478125,
                57.941666667
              ],
              [
                -5.478125,
                57.942708333
              ],
              [
                -5.48125,
                57.942708333
              ],
              [
                -5.48125,
                57.94375
              ],
              [
                -5.485416667,
                57.94375
              ],
              [
                -5.485416667,
                57.944791667
              ],
              [
                -5.4875,
                57.944791667
              ],
              [
                -5.4875,
                57.94375
              ],
              [
                -5.491666667,
                57.94375
              ],
              [
                -5.491666667,
                57.942708333
              ],
              [
                -5.498958333,
                57.942708333
              ],
              [
                -5.498958333,
                57.941666667
              ],
              [
                -5.5,
                57.941666667
              ],
              [
                -5.5,
                57.955208333
              ],
              [
                -5.496875,
                57.955208333
              ],
              [
                -5.496875,
                57.95625
              ],
              [
                -5.49375,
                57.95625
              ],
              [
                -5.49375,
                57.957291667
              ],
              [
                -5.492708333,
                57.957291667
              ],
              [
                -5.492708333,
                57.958333333
              ],
              [
                -5.491666667,
                57.958333333
              ],
              [
                -5.491666667,
                57.960416667
              ],
              [
                -5.490625,
                57.960416667
              ],
              [
                -5.490625,
                57.961458333
              ],
              [
                -5.489583333,
                57.961458333
              ],
              [
                -5.489583333,
                57.967708333
              ],
              [
                -5.488541667,
                57.967708333
              ],
              [
                -5.488541667,
                57.96875
              ],
              [
                -5.489583333,
                57.96875
              ],
              [
                -5.489583333,
                57.969791667
              ],
              [
                -5.488541667,
                57.969791667
              ],
              [
                -5.488541667,
                57.971875
              ],
              [
                -5.4875,
                57.971875
              ],
              [
                -5.4875,
                57.973958333
              ],
              [
                -5.486458333,
                57.973958333
              ],
              [
                -5.486458333,
                57.975
              ],
              [
                -5.4875,
                57.975
              ],
              [
                -5.4875,
                57.976041667
              ],
              [
                -5.485416667,
                57.976041667
              ],
              [
                -5.485416667,
                57.982291667
              ],
              [
                -5.484375,
                57.982291667
              ],
              [
                -5.484375,
                57.983333333
              ],
              [
                -5.483333333,
                57.983333333
              ],
              [
                -5.483333333,
                57.984375
              ],
              [
                -5.482291667,
                57.984375
              ],
              [
                -5.482291667,
                57.985416667
              ],
              [
                -5.475,
                57.985416667
              ],
              [
                -5.475,
                57.984375
              ],
              [
                -5.472916667,
                57.984375
              ],
              [
                -5.472916667,
                57.983333333
              ],
              [
                -5.471875,
                57.983333333
              ],
              [
                -5.471875,
                57.984375
              ],
              [
                -5.470833333,
                57.984375
              ],
              [
                -5.470833333,
                57.983333333
              ],
              [
                -5.469791667,
                57.983333333
              ],
              [
                -5.469791667,
                57.984375
              ],
              [
                -5.46875,
                57.984375
              ],
              [
                -5.46875,
                57.983333333
              ],
              [
                -5.466666667,
                57.983333333
              ],
              [
                -5.466666667,
                57.984375
              ],
              [
                -5.465625,
                57.984375
              ],
              [
                -5.465625,
                57.983333333
              ],
              [
                -5.464583333,
                57.983333333
              ],
              [
                -5.464583333,
                57.984375
              ],
              [
                -5.4625,
                57.984375
              ],
              [
                -5.4625,
                57.985416667
              ],
              [
                -5.461458333,
                57.985416667
              ],
              [
                -5.461458333,
                57.986458333
              ],
              [
                -5.460416667,
                57.986458333
              ],
              [
                -5.460416667,
                57.9875
              ],
              [
                -5.459375,
                57.9875
              ],
              [
                -5.459375,
                57.988541667
              ],
              [
                -5.457291667,
                57.988541667
              ],
              [
                -5.457291667,
                57.990625
              ],
              [
                -5.45625,
                57.990625
              ],
              [
                -5.45625,
                57.991666667
              ],
              [
                -5.455208333,
                57.991666667
              ],
              [
                -5.455208333,
                57.992708333
              ],
              [
                -5.454166667,
                57.992708333
              ],
              [
                -5.454166667,
                57.99375
              ],
              [
                -5.453125,
                57.99375
              ],
              [
                -5.453125,
                57.994791667
              ],
              [
                -5.452083333,
                57.994791667
              ],
              [
                -5.452083333,
                57.992708333
              ],
              [
                -5.451041667,
                57.992708333
              ],
              [
                -5.451041667,
                57.991666667
              ],
              [
                -5.45,
                57.991666667
              ],
              [
                -5.45,
                57.984375
              ],
              [
                -5.451041667,
                57.984375
              ],
              [
                -5.451041667,
                57.983333333
              ],
              [
                -5.452083333,
                57.983333333
              ],
              [
                -5.452083333,
                57.984375
              ],
              [
                -5.454166667,
                57.984375
              ],
              [
                -5.454166667,
                57.983333333
              ],
              [
                -5.455208333,
                57.983333333
              ],
              [
                -5.455208333,
                57.982291667
              ],
              [
                -5.457291667,
                57.982291667
              ],
              [
                -5.457291667,
                57.980208333
              ],
              [
                -5.458333333,
                57.980208333
              ],
              [
                -5.458333333,
                57.98125
              ],
              [
                -5.459375,
                57.98125
              ],
              [
                -5.459375,
                57.979166667
              ],
              [
                -5.458333333,
                57.979166667
              ],
              [
                -5.458333333,
                57.977083333
              ],
              [
                -5.459375,
                57.977083333
              ],
              [
                -5.459375,
                57.973958333
              ],
              [
                -5.460416667,
                57.973958333
              ],
              [
                -5.460416667,
                57.975
              ],
              [
                -5.464583333,
                57.975
              ],
              [
                -5.464583333,
                57.976041667
              ],
              [
                -5.466666667,
                57.976041667
              ],
              [
                -5.466666667,
                57.975
              ],
              [
                -5.469791667,
                57.975
              ],
              [
                -5.469791667,
                57.976041667
              ],
              [
                -5.470833333,
                57.976041667
              ],
              [
                -5.470833333,
                57.975
              ],
              [
                -5.472916667,
                57.975
              ],
              [
                -5.472916667,
                57.973958333
              ],
              [
                -5.473958333,
                57.973958333
              ],
              [
                -5.473958333,
                57.972916667
              ],
              [
                -5.472916667,
                57.972916667
              ],
              [
                -5.472916667,
                57.971875
              ],
              [
                -5.473958333,
                57.971875
              ],
              [
                -5.473958333,
                57.969791667
              ],
              [
                -5.472916667,
                57.969791667
              ],
              [
                -5.472916667,
                57.966666667
              ],
              [
                -5.471875,
                57.966666667
              ],
              [
                -5.471875,
                57.965625
              ],
              [
                -5.470833333,
                57.965625
              ],
              [
                -5.470833333,
                57.963541667
              ],
              [
                -5.469791667,
                57.963541667
              ],
              [
                -5.469791667,
                57.9625
              ],
              [
                -5.46875,
                57.9625
              ],
              [
                -5.46875,
                57.963541667
              ],
              [
                -5.467708333,
                57.963541667
              ],
              [
                -5.467708333,
                57.9625
              ],
              [
                -5.466666667,
                57.9625
              ],
              [
                -5.466666667,
                57.960416667
              ],
              [
                -5.464583333,
                57.960416667
              ],
              [
                -5.464583333,
                57.959375
              ],
              [
                -5.466666667,
                57.959375
              ],
              [
                -5.466666667,
                57.957291667
              ],
              [
                -5.464583333,
                57.957291667
              ],
              [
                -5.464583333,
                57.95625
              ],
              [
                -5.461458333,
                57.95625
              ],
              [
                -5.461458333,
                57.957291667
              ],
              [
                -5.458333333,
                57.957291667
              ],
              [
                -5.458333333,
                57.958333333
              ],
              [
                -5.45625,
                57.958333333
              ],
              [
                -5.45625,
                57.959375
              ],
              [
                -5.454166667,
                57.959375
              ],
              [
                -5.454166667,
                57.957291667
              ],
              [
                -5.45,
                57.957291667
              ],
              [
                -5.45,
                57.95
              ],
              [
                -5.353125,
                57.95
              ],
              [
                -5.35,
                57.95
              ],
              [
                -5.346875,
                57.95
              ],
              [
                -5.340625,
                57.95
              ],
              [
                -5.340625,
                57.948958333
              ],
              [
                -5.335416667,
                57.948958333
              ],
              [
                -5.335416667,
                57.947916667
              ],
              [
                -5.33125,
                57.947916667
              ],
              [
                -5.33125,
                57.946875
              ],
              [
                -5.330208333,
                57.946875
              ],
              [
                -5.330208333,
                57.947916667
              ],
              [
                -5.328125,
                57.947916667
              ],
              [
                -5.328125,
                57.946875
              ],
              [
                -5.323958333,
                57.946875
              ],
              [
                -5.323958333,
                57.945833333
              ],
              [
                -5.31875,
                57.945833333
              ],
              [
                -5.31875,
                57.948958333
              ],
              [
                -5.321875,
                57.948958333
              ],
              [
                -5.321875,
                57.95
              ],
              [
                -5.304166667,
                57.95
              ],
              [
                -5.295833333,
                57.95
              ],
              [
                -5.286458333,
                57.95
              ],
              [
                -5.28125,
                57.95
              ],
              [
                -5.28125,
                57.948958333
              ],
              [
                -5.276041667,
                57.948958333
              ],
              [
                -5.276041667,
                57.947916667
              ],
              [
                -5.271875,
                57.947916667
              ],
              [
                -5.271875,
                57.946875
              ],
              [
                -5.269791667,
                57.946875
              ]
            ],
            [
              [
                -5.472916667,
                57.976041667
              ],
              [
                -5.471875,
                57.976041667
              ],
              [
                -5.471875,
                57.977083333
              ],
              [
                -5.470833333,
                57.977083333
              ],
              [
                -5.470833333,
                57.978125
              ],
              [
                -5.475,
                57.978125
              ],
              [
                -5.475,
                57.979166667
              ],
              [
                -5.473958333,
                57.979166667
              ],
              [
                -5.473958333,
                57.98125
              ],
              [
                -5.475,
                57.98125
              ],
              [
                -5.475,
                57.982291667
              ],
              [
                -5.473958333,
                57.982291667
              ],
              [
                -5.473958333,
                57.983333333
              ],
              [
                -5.478125,
                57.983333333
              ],
              [
                -5.478125,
                57.982291667
              ],
              [
                -5.479166667,
                57.982291667
              ],
              [
                -5.479166667,
                57.978125
              ],
              [
                -5.478125,
                57.978125
              ],
              [
                -5.478125,
                57.976041667
              ],
              [
                -5.477083333,
                57.976041667
              ],
              [
                -5.477083333,
                57.975
              ],
              [
                -5.476041667,
                57.975
              ],
              [
                -5.476041667,
                57.973958333
              ],
              [
                -5.475,
                57.973958333
              ],
              [
                -5.475,
                57.975
              ],
              [
                -5.472916667,
                57.975
              ],
              [
                -5.472916667,
                57.976041667
              ]
            ],
            [
              [
                -5.473958333,
                57.966666667
              ],
              [
                -5.473958333,
                57.965625
              ],
              [
                -5.472916667,
                57.965625
              ],
              [
                -5.472916667,
                57.966666667
              ],
              [
                -5.473958333,
                57.966666667
              ]
            ],
            [
              [
                -5.31875,
                57.944791667
              ],
              [
                -5.316666667,
                57.944791667
              ],
              [
                -5.316666667,
                57.945833333
              ],
              [
                -5.31875,
                57.945833333
              ],
              [
                -5.31875,
                57.944791667
              ]
            ],
            [
              [
                -5.45625,
                57.955208333
              ],
              [
                -5.459375,
                57.955208333
              ],
              [
                -5.459375,
                57.954166667
              ],
              [
                -5.45625,
                57.954166667
              ],
              [
                -5.45625,
                57.955208333
              ]
            ],
            [
              [
                -5.460416667,
                57.954166667
              ],
              [
                -5.460416667,
                57.953125
              ],
              [
                -5.459375,
                57.953125
              ],
              [
                -5.459375,
                57.954166667
              ],
              [
                -5.460416667,
                57.954166667
              ]
            ],
            [
              [
                -5.455208333,
                57.953125
              ],
              [
                -5.455208333,
                57.952083333
              ],
              [
                -5.451041667,
                57.952083333
              ],
              [
                -5.451041667,
                57.954166667
              ],
              [
                -5.453125,
                57.954166667
              ],
              [
                -5.453125,
                57.953125
              ],
              [
                -5.455208333,
                57.953125
              ]
            ],
            [
              [
                -5.483333333,
                57.947916667
              ],
              [
                -5.483333333,
                57.948958333
              ],
              [
                -5.485416667,
                57.948958333
              ],
              [
                -5.485416667,
                57.95
              ],
              [
                -5.486458333,
                57.95
              ],
              [
                -5.486458333,
                57.947916667
              ],
              [
                -5.483333333,
                57.947916667
              ]
            ],
            [
              [
                -5.457291667,
                57.946875
              ],
              [
                -5.457291667,
                57.947916667
              ],
              [
                -5.455208333,
                57.947916667
              ],
              [
                -5.455208333,
                57.95
              ],
              [
                -5.459375,
                57.95
              ],
              [
                -5.459375,
                57.948958333
              ],
              [
                -5.463541667,
                57.948958333
              ],
              [
                -5.463541667,
                57.947916667
              ],
              [
                -5.4625,
                57.947916667
              ],
              [
                -5.4625,
                57.946875
              ],
              [
                -5.457291667,
                57.946875
              ]
            ],
            [
              [
                -5.464583333,
                57.947916667
              ],
              [
                -5.464583333,
                57.948958333
              ],
              [
                -5.466666667,
                57.948958333
              ],
              [
                -5.466666667,
                57.947916667
              ],
              [
                -5.464583333,
                57.947916667
              ]
            ],
            [
              [
                -5.3125,
                57.948958333
              ],
              [
                -5.3125,
                57.947916667
              ],
              [
                -5.307291667,
                57.947916667
              ],
              [
                -5.307291667,
                57.948958333
              ],
              [
                -5.3125,
                57.948958333
              ]
            ],
            [
              [
                -5.307291667,
                57.946875
              ],
              [
                -5.305208333,
                57.946875
              ],
              [
                -5.305208333,
                57.947916667
              ],
              [
                -5.307291667,
                57.947916667
              ],
              [
                -5.307291667,
                57.946875
              ]
            ],
            [
              [
                -5.372916667,
                57.941666667
              ],
              [
                -5.372916667,
                57.940625
              ],
              [
                -5.369791667,
                57.940625
              ],
              [
                -5.369791667,
                57.942708333
              ],
              [
                -5.371875,
                57.942708333
              ],
              [
                -5.371875,
                57.941666667
              ],
              [
                -5.372916667,
                57.941666667
              ]
            ],
            [
              [
                -5.335416667,
                57.9375
              ],
              [
                -5.335416667,
                57.936458333
              ],
              [
                -5.330208333,
                57.936458333
              ],
              [
                -5.330208333,
                57.938541667
              ],
              [
                -5.329166667,
                57.938541667
              ],
              [
                -5.329166667,
                57.940625
              ],
              [
                -5.330208333,
                57.940625
              ],
              [
                -5.330208333,
                57.939583333
              ],
              [
                -5.333333333,
                57.939583333
              ],
              [
                -5.333333333,
                57.938541667
              ],
              [
                -5.335416667,
                57.938541667
              ],
              [
                -5.335416667,
                57.939583333
              ],
              [
                -5.338541667,
                57.939583333
              ],
              [
                -5.338541667,
                57.938541667
              ],
              [
                -5.336458333,
                57.938541667
              ],
              [
                -5.336458333,
                57.9375
              ],
              [
                -5.335416667,
                57.9375
              ]
            ],
            [
              [
                -5.294791667,
                57.935416667
              ],
              [
                -5.294791667,
                57.936458333
              ],
              [
                -5.296875,
                57.936458333
              ],
              [
                -5.296875,
                57.9375
              ],
              [
                -5.298958333,
                57.9375
              ],
              [
                -5.298958333,
                57.935416667
              ],
              [
                -5.294791667,
                57.935416667
              ]
            ]
          ],
          [
            [
              [
                -5.2,
                57.948958333
              ],
              [
                -5.202083333,
                57.948958333
              ],
              [
                -5.202083333,
                57.95
              ],
              [
                -5.203125,
                57.95
              ],
              [
                -5.203125,
                57.951041667
              ],
              [
                -5.202083333,
                57.951041667
              ],
              [
                -5.202083333,
                57.952083333
              ],
              [
                -5.2,
                57.952083333
              ],
              [
                -5.2,
                57.948958333
              ]
            ]
          ],
          [
            [
              [
                -5.213541667,
                57.952083333
              ],
              [
                -5.213541667,
                57.953125
              ],
              [
                -5.2125,
                57.953125
              ],
              [
                -5.2125,
                57.952083333
              ],
              [
                -5.213541667,
                57.952083333
              ]
            ]
          ],
          [
            [
              [
                -5.235416667,
                57.953125
              ],
              [
                -5.235416667,
                57.954166667
              ],
              [
                -5.236458333,
                57.954166667
              ],
              [
                -5.236458333,
                57.955208333
              ],
              [
                -5.232291667,
                57.955208333
              ],
              [
                -5.232291667,
                57.954166667
              ],
              [
                -5.23125,
                57.954166667
              ],
              [
                -5.23125,
                57.952083333
              ],
              [
                -5.232291667,
                57.952083333
              ],
              [
                -5.232291667,
                57.951041667
              ],
              [
                -5.234375,
                57.951041667
              ],
              [
                -5.234375,
                57.952083333
              ],
              [
                -5.236458333,
                57.952083333
              ],
              [
                -5.236458333,
                57.953125
              ],
              [
                -5.235416667,
                57.953125
              ]
            ]
          ],
          [
            [
              [
                -5.217708333,
                57.954166667
              ],
              [
                -5.217708333,
                57.95625
              ],
              [
                -5.216666667,
                57.95625
              ],
              [
                -5.216666667,
                57.954166667
              ],
              [
                -5.217708333,
                57.954166667
              ]
            ]
          ],
          [
            [
              [
                -5.241666667,
                57.959375
              ],
              [
                -5.240625,
                57.959375
              ],
              [
                -5.240625,
                57.958333333
              ],
              [
                -5.239583333,
                57.958333333
              ],
              [
                -5.239583333,
                57.95625
              ],
              [
                -5.2375,
                57.95625
              ],
              [
                -5.2375,
                57.954166667
              ],
              [
                -5.236458333,
                57.954166667
              ],
              [
                -5.236458333,
                57.953125
              ],
              [
                -5.238541667,
                57.953125
              ],
              [
                -5.238541667,
                57.951041667
              ],
              [
                -5.239583333,
                57.951041667
              ],
              [
                -5.239583333,
                57.95
              ],
              [
                -5.24375,
                57.95
              ],
              [
                -5.24375,
                57.948958333
              ],
              [
                -5.251041667,
                57.948958333
              ],
              [
                -5.251041667,
                57.947916667
              ],
              [
                -5.25625,
                57.947916667
              ],
              [
                -5.25625,
                57.948958333
              ],
              [
                -5.255208333,
                57.948958333
              ],
              [
                -5.255208333,
                57.95
              ],
              [
                -5.25,
                57.95
              ],
              [
                -5.25,
                57.966666667
              ],
              [
                -5.247916667,
                57.966666667
              ],
              [
                -5.247916667,
                57.965625
              ],
              [
                -5.246875,
                57.965625
              ],
              [
                -5.246875,
                57.964583333
              ],
              [
                -5.24375,
                57.964583333
              ],
              [
                -5.24375,
                57.963541667
              ],
              [
                -5.241666667,
                57.963541667
              ],
              [
                -5.241666667,
                57.959375
              ]
            ],
            [
              [
                -5.244791667,
                57.958333333
              ],
              [
                -5.247916667,
                57.958333333
              ],
              [
                -5.247916667,
                57.957291667
              ],
              [
                -5.244791667,
                57.957291667
              ],
              [
                -5.244791667,
                57.958333333
              ]
            ]
          ],
          [
            [
              [
                -5.25,
                57.969791667
              ],
              [
                -5.248958333,
                57.969791667
              ],
              [
                -5.248958333,
                57.96875
              ],
              [
                -5.247916667,
                57.96875
              ],
              [
                -5.247916667,
                57.967708333
              ],
              [
                -5.25,
                57.967708333
              ],
              [
                -5.25,
                57.969791667
              ]
            ]
          ],
          [
            [
              [
                -5.302083333,
                58.0875
              ],
              [
                -5.303125,
                58.0875
              ],
              [
                -5.303125,
                58.088541667
              ],
              [
                -5.302083333,
                58.088541667
              ],
              [
                -5.302083333,
                58.0875
              ]
            ]
          ],
          [
            [
              [
                -5.313541667,
                58.086458333
              ],
              [
                -5.314583333,
                58.086458333
              ],
              [
                -5.314583333,
                58.085416667
              ],
              [
                -5.311458333,
                58.085416667
              ],
              [
                -5.311458333,
                58.084375
              ],
              [
                -5.309375,
                58.084375
              ],
              [
                -5.309375,
                58.083333333
              ],
              [
                -5.307291667,
                58.083333333
              ],
              [
                -5.307291667,
                58.084375
              ],
              [
                -5.304166667,
                58.084375
              ],
              [
                -5.304166667,
                58.08125
              ],
              [
                -5.309375,
                58.08125
              ],
              [
                -5.309375,
                58.082291667
              ],
              [
                -5.3125,
                58.082291667
              ],
              [
                -5.3125,
                58.083333333
              ],
              [
                -5.314583333,
                58.083333333
              ],
              [
                -5.314583333,
                58.084375
              ],
              [
                -5.315625,
                58.084375
              ],
              [
                -5.315625,
                58.085416667
              ],
              [
                -5.317708333,
                58.085416667
              ],
              [
                -5.317708333,
                58.086458333
              ],
              [
                -5.319791667,
                58.086458333
              ],
              [
                -5.319791667,
                58.084375
              ],
              [
                -5.321875,
                58.084375
              ],
              [
                -5.321875,
                58.085416667
              ],
              [
                -5.322916667,
                58.085416667
              ],
              [
                -5.322916667,
                58.086458333
              ],
              [
                -5.325,
                58.086458333
              ],
              [
                -5.325,
                58.0875
              ],
              [
                -5.328125,
                58.0875
              ],
              [
                -5.328125,
                58.088541667
              ],
              [
                -5.330208333,
                58.088541667
              ],
              [
                -5.330208333,
                58.0875
              ],
              [
                -5.332291667,
                58.0875
              ],
              [
                -5.332291667,
                58.088541667
              ],
              [
                -5.333333333,
                58.088541667
              ],
              [
                -5.333333333,
                58.089583333
              ],
              [
                -5.336458333,
                58.089583333
              ],
              [
                -5.336458333,
                58.090625
              ],
              [
                -5.3375,
                58.090625
              ],
              [
                -5.3375,
                58.091666667
              ],
              [
                -5.339583333,
                58.091666667
              ],
              [
                -5.339583333,
                58.092708333
              ],
              [
                -5.342708333,
                58.092708333
              ],
              [
                -5.342708333,
                58.09375
              ],
              [
                -5.344791667,
                58.09375
              ],
              [
                -5.344791667,
                58.094791667
              ],
              [
                -5.345833333,
                58.094791667
              ],
              [
                -5.345833333,
                58.091666667
              ],
              [
                -5.346875,
                58.091666667
              ],
              [
                -5.346875,
                58.090625
              ],
              [
                -5.347916667,
                58.090625
              ],
              [
                -5.347916667,
                58.089583333
              ],
              [
                -5.351041667,
                58.089583333
              ],
              [
                -5.351041667,
                58.090625
              ],
              [
                -5.35,
                58.090625
              ],
              [
                -5.35,
                58.091666667
              ],
              [
                -5.351041667,
                58.091666667
              ],
              [
                -5.351041667,
                58.094791667
              ],
              [
                -5.352083333,
                58.094791667
              ],
              [
                -5.352083333,
                58.095833333
              ],
              [
                -5.353125,
                58.095833333
              ],
              [
                -5.353125,
                58.096875
              ],
              [
                -5.354166667,
                58.096875
              ],
              [
                -5.354166667,
                58.097916667
              ],
              [
                -5.35625,
                58.097916667
              ],
              [
                -5.35625,
                58.095833333
              ],
              [
                -5.355208333,
                58.095833333
              ],
              [
                -5.355208333,
                58.092708333
              ],
              [
                -5.354166667,
                58.092708333
              ],
              [
                -5.354166667,
                58.089583333
              ],
              [
                -5.353125,
                58.089583333
              ],
              [
                -5.353125,
                58.088541667
              ],
              [
                -5.358333333,
                58.088541667
              ],
              [
                -5.358333333,
                58.0875
              ],
              [
                -5.357291667,
                58.0875
              ],
              [
                -5.357291667,
                58.086458333
              ],
              [
                -5.35625,
                58.086458333
              ],
              [
                -5.35625,
                58.085416667
              ],
              [
                -5.355208333,
                58.085416667
              ],
              [
                -5.355208333,
                58.084375
              ],
              [
                -5.35625,
                58.084375
              ],
              [
                -5.35625,
                58.083333333
              ],
              [
                -5.357291667,
                58.083333333
              ],
              [
                -5.357291667,
                58.082291667
              ],
              [
                -5.361458333,
                58.082291667
              ],
              [
                -5.361458333,
                58.083333333
              ],
              [
                -5.3625,
                58.083333333
              ],
              [
                -5.3625,
                58.084375
              ],
              [
                -5.363541667,
                58.084375
              ],
              [
                -5.363541667,
                58.085416667
              ],
              [
                -5.364583333,
                58.085416667
              ],
              [
                -5.364583333,
                58.086458333
              ],
              [
                -5.366666667,
                58.086458333
              ],
              [
                -5.366666667,
                58.088541667
              ],
              [
                -5.367708333,
                58.088541667
              ],
              [
                -5.367708333,
                58.091666667
              ],
              [
                -5.36875,
                58.091666667
              ],
              [
                -5.36875,
                58.092708333
              ],
              [
                -5.367708333,
                58.092708333
              ],
              [
                -5.367708333,
                58.09375
              ],
              [
                -5.369791667,
                58.09375
              ],
              [
                -5.369791667,
                58.094791667
              ],
              [
                -5.371875,
                58.094791667
              ],
              [
                -5.371875,
                58.095833333
              ],
              [
                -5.372916667,
                58.095833333
              ],
              [
                -5.372916667,
                58.096875
              ],
              [
                -5.377083333,
                58.096875
              ],
              [
                -5.377083333,
                58.097916667
              ],
              [
                -5.380208333,
                58.097916667
              ],
              [
                -5.380208333,
                58.098958333
              ],
              [
                -5.383333333,
                58.098958333
              ],
              [
                -5.383333333,
                58.1
              ],
              [
                -5.33125,
                58.1
              ],
              [
                -5.329166667,
                58.1
              ],
              [
                -5.329166667,
                58.098958333
              ],
              [
                -5.328125,
                58.098958333
              ],
              [
                -5.328125,
                58.1
              ],
              [
                -5.326041667,
                58.1
              ],
              [
                -5.325,
                58.1
              ],
              [
                -5.321875,
                58.1
              ],
              [
                -5.321875,
                58.098958333
              ],
              [
                -5.317708333,
                58.098958333
              ],
              [
                -5.317708333,
                58.1
              ],
              [
                -5.314583333,
                58.1
              ],
              [
                -5.314583333,
                58.098958333
              ],
              [
                -5.313541667,
                58.098958333
              ],
              [
                -5.313541667,
                58.097916667
              ],
              [
                -5.3125,
                58.097916667
              ],
              [
                -5.3125,
                58.096875
              ],
              [
                -5.311458333,
                58.096875
              ],
              [
                -5.311458333,
                58.095833333
              ],
              [
                -5.304166667,
                58.095833333
              ],
              [
                -5.304166667,
                58.094791667
              ],
              [
                -5.302083333,
                58.094791667
              ],
              [
                -5.302083333,
                58.09375
              ],
              [
                -5.304166667,
                58.09375
              ],
              [
                -5.304166667,
                58.088541667
              ],
              [
                -5.30625,
                58.088541667
              ],
              [
                -5.30625,
                58.089583333
              ],
              [
                -5.309375,
                58.089583333
              ],
              [
                -5.309375,
                58.088541667
              ],
              [
                -5.311458333,
                58.088541667
              ],
              [
                -5.311458333,
                58.0875
              ],
              [
                -5.313541667,
                58.0875
              ],
              [
                -5.313541667,
                58.086458333
              ]
            ],
            [
              [
                -5.358333333,
                58.095833333
              ],
              [
                -5.358333333,
                58.096875
              ],
              [
                -5.360416667,
                58.096875
              ],
              [
                -5.360416667,
                58.095833333
              ],
              [
                -5.361458333,
                58.095833333
              ],
              [
                -5.361458333,
                58.094791667
              ],
              [
                -5.360416667,
                58.094791667
              ],
              [
                -5.360416667,
                58.092708333
              ],
              [
                -5.358333333,
                58.092708333
              ],
              [
                -5.358333333,
                58.09375
              ],
              [
                -5.35625,
                58.09375
              ],
              [
                -5.35625,
                58.095833333
              ],
              [
                -5.358333333,
                58.095833333
              ]
            ],
            [
              [
                -5.333333333,
                58.094791667
              ],
              [
                -5.333333333,
                58.09375
              ],
              [
                -5.33125,
                58.09375
              ],
              [
                -5.33125,
                58.094791667
              ],
              [
                -5.333333333,
                58.094791667
              ]
            ]
          ],
          [
            [
              [
                -5.303125,
                58.097916667
              ],
              [
                -5.309375,
                58.097916667
              ],
              [
                -5.309375,
                58.098958333
              ],
              [
                -5.311458333,
                58.098958333
              ],
              [
                -5.311458333,
                58.1
              ],
              [
                -5.308333333,
                58.1
              ],
              [
                -5.308333333,
                58.098958333
              ],
              [
                -5.303125,
                58.098958333
              ],
              [
                -5.303125,
                58.097916667
              ]
            ]
          ]
        ]
      },
      "properties": {
        "role": "deepwater_reference",
        "selection": "coarse depth >50 m outside reporting",
        "source": "/Users/andrei/oceanstream/sd-data-ingest/.cache/coastal/bathy/summer_isles/emodnet_mean_depth.tif",
        "reflectance_inspected_for_selection": false,
        "is_provisional": true,
        "coordinate_precision_degrees": 1e-09
      }
    }
  ]
}
